<?xml version="1.0"?>
<metadata>
  <idinfo>
    <taxonomy><taxonsys><classsys><classcit><citeinfo><origin>Integrated Taxonomic Information System</origin><title>Integrated Taxonomic Information System</title><onlink>http://www.itis.usda.gov/</onlink><othercit>Downloaded April, 2004</othercit></citeinfo></classcit></classsys><ider><cntinfo><cntorgp><cntorg>Refer to the contact information of the dataset</cntorg></cntorgp></cntinfo></ider></taxonsys><taxoncl><taxonrn>Kingdom</taxonrn><taxonrv>Animalia</taxonrv><taxontsn>202423</taxontsn><taxoncl><taxonrn>Phylum</taxonrn><taxonrv>Chordata</taxonrv><taxontsn>158852</taxontsn><taxoncl><taxonrn>Subphylum</taxonrn><taxonrv>Vertebrata</taxonrv><taxontsn>331030</taxontsn><taxoncl><taxonrn>Class</taxonrn><taxonrv>Reptilia</taxonrv><taxontsn>173747</taxontsn><taxoncl><taxonrn>Order</taxonrn><taxonrv>Testudines</taxonrv><taxontsn>173749</taxontsn><taxoncl><taxonrn>Family</taxonrn><taxonrv>Dermochelyidae</taxonrv><taxontsn>173841</taxontsn><taxoncl><taxonrn>Genus</taxonrn><taxonrv>Dermochelys</taxonrv><taxontsn>173842</taxontsn><taxoncl><taxonrn>Species</taxonrn><taxonrv>Dermochelys coriacea</taxonrv><taxontsn>173843</taxontsn></taxoncl></taxoncl></taxoncl></taxoncl></taxoncl></taxoncl></taxoncl></taxoncl></taxonomy>
  <datacred>Islameta Group - Department of Biology, University of Pisa, Italy</datacred><descript><abstract>The Indian Ocean has many breeding areas for sea turtles, the southernmost ones being on the Maputaland coast of KwaZulu-Natal, where leatherback turtles nest in large numbers thanks to long-lasting protection programs. For the leatherback this is the only known nesting site in the entire western Indian Ocean. At the end of the reproductive season, leatherbacks undertake migrations towards disparate feeding areas. To contribute to their conservation, the migratory behavior of these animals has been studied by satellite telemetry for several years. This species turned out to frequent widely  dispersed areas ranging from the Atlantic Ocean to the Mozambique Channel, performing large-scale wandering probably due to the leatherbacks' feeding habits on macroplankton such as jellyfish and salps. These movements have been shown to be heavily influenced by the main oceanic currents and oceanographic mesoscale features occurring in the areas crossed.</abstract><purpose>Documenting the extent of the post-nesting movements of leatherbacks nesting in South Africa and understand their behavior.</purpose><supplinf/></descript><citation><citeinfo><origin>Luschi, P</origin><pubdate>2012</pubdate><title>Leatherback Tracking in South Africa</title><onlink>http://seamap.env.duke.edu/dataset/439</onlink><serinfo><sername>OBIS-SEAMAP</sername><issue>439</issue></serinfo><pubinfo><pubplace>http://seamap.env.duke.edu/dataset/439</pubplace><publish>OBIS-SEAMAP</publish></pubinfo></citeinfo></citation><timeperd><current>ground condition</current><timeinfo><rngdates><begdate>1996-01-16</begdate><enddate>2003-07-16</enddate></rngdates></timeinfo></timeperd><status><progress>Complete</progress><update>None planned</update></status><spdom><bounding><westbc>12.272</westbc><eastbc>38.7</eastbc><northbc>-24.683</northbc><southbc>-41.805</southbc></bounding><lboundng><leftbc>12.272</leftbc><rightbc>38.7</rightbc><topbc>-24.683</topbc><bottombc>-41.805</bottombc></lboundng></spdom><keywords><theme><themekt>Platform</themekt><themekey>Radio transmitters</themekey><themekey>Animal movements</themekey></theme><theme><themekt>User defined</themekt><themekey>leatherback</themekey><themekey>migration</themekey><themekey>currents</themekey></theme><place><placekt>User defined</placekt><placekey>Indian Ocean</placekey><placekey>Agulhas Current</placekey><placekey>South Africa</placekey></place></keywords><accconst>Open public unless otherwise noted. See Use Constraints for details.</accconst><useconst>1. Not to use data obtained from OBIS-SEAMAP in any publication, product, or commercial application without proper attribution to the original data provider(s) and OBIS-SEAMAP unless the datasets are explicitly shown under the CC0 policy. Citations or credits are suggested as attribution. If the data you downloaded come from multiple datasets, a citation or credit to each of the datasets is required.

Suggested citation for this dataset

Luschi, P. 2012. Leatherback Tracking in South Africa. Data downloaded from OBIS-SEAMAP (http://seamap.env.duke.edu/dataset/439) on yyyy-mm-dd.

Suggested citation for OBIS-SEAMAP:

Halpin, P.N., A.J. Read, E. Fujioka, B.D. Best, B. Donnelly, L.J. Hazen, C. Kot, K. Urian, E. LaBrecque, A. Dimatteo, J. Cleary, C. Good, L.B. Crowder, and K.D. Hyrenbach. 2009. OBIS-SEAMAP: The world data center for marine mammal, sea bird, and sea turtle distributions. Oceanography 22(2):104-115

2. To forward the citation of any publication / report that made use of the data / tools provided by OBIS-SEAMAP for inclusion in our list of references.

3. Not to hold OBIS-SEAMAP or the original data providers liable for errors in the data. While we have made every effort to ensure the quality of the database, we cannot guarantee the accuracy of these datasets. 

4. The burden for determining fitness for use of the downloaded data for any analyses lies entirely with the user. OBIS-SEAMAP or the original data providers do not support outcomes of your analyses that used the data you downloaded from OBIS-SEAMAP.

5. To consider inclusion of the accompanying transect (effort) dataset if available into the methodology of your analyses.

6. Not to redistribute the data you downloaded from OBIS-SEAMAP through any media without contect from OBIS-SEAMAP and the original data providers unless the datasets are explicitly shown under the CC0 policy.</useconst><natvform>Shapefile</natvform><crossref><citeinfo><origin>Luschi, P., J.R.E. Lutjeharms, P. Lambardi,  R. Mencacci, G.R. Hughes, and C.G. Hays</origin><pubdate>2006</pubdate><title>A review of migratory behaviour of sea turtles off southeastern Africa</title><onlink>http://www.seaturtle.org/PDF/Luschi_2006_SAfrJMarSci.pdf</onlink><serinfo><sername>South African Journal of Science</sername><issue>102: 51-58</issue></serinfo></citeinfo></crossref><crossref><citeinfo><origin>Luschi, P., A. Sale,  R. Mencacci, G.R. Hughes, J.R.E. Lutjeharms, and F. Papi</origin><pubdate>2003</pubdate><title>Current transport of leatherback sea turtles (&lt;i&gt;Dermochelys coriacea&lt;/i&gt;) in the ocean</title><onlink>http://rspb.royalsocietypublishing.org/content/270/Suppl_2/S129.full.pdf</onlink><serinfo><sername>Proceedings of the Royal Society B: Biological Sciences</sername><issue>270 suppl. 2: 129-132</issue></serinfo></citeinfo></crossref><crossref><citeinfo><origin>Lambardi, P., J.R.E. Lutjeharms,  R. Mencacci, C.G. Hays, and P. Luschi, </origin><pubdate>2008</pubdate><title>Influence of ocean currents on long-distance movement of leatherback sea turtles in the Southwest Indian Ocean</title><onlink>http://www.seaturtle.org/PDF/Lambardi_2008_MarEcolProgSer.pdf</onlink><serinfo><sername>Marine Ecologyl Progress Series</sername><issue>353: 289-301</issue></serinfo></citeinfo></crossref><ptcontac><cntinfo><cntperp><cntper>Paolo Luschi</cntper><cntorg>University of Pisa</cntorg></cntperp><cntpos/><cntaddr><addrtype>mailing and physical address</addrtype><address>Department of Biology Via Volta 6</address><city>Pisa</city><state/><postal>I-56126</postal><country>Italy</country></cntaddr><cntvoice>0502211376</cntvoice><cntemail>pluschi@biologia.unipi.it</cntemail><cntfax>05024653</cntfax></cntinfo></ptcontac><crossref><citeinfo><origin>Halpin, P.N., A.J. Read, E. Fujioka, B.D. Best, B. Donnelly, L.J. Hazen, C. Kot, K. Urian, E. LaBrecque, A. Dimatteo, J. Cleary, C. Good, L.B. Crowder, and K.D. Hyrenbach</origin><pubdate>2009</pubdate><title>OBIS-SEAMAP: The world data center for marine mammal, sea bird, and sea turtle distributions</title><serinfo><sername>Oceanography</sername><issue>22(2):104-115</issue></serinfo><onlink>http://www.tos.org/oceanography/article/obis-seamap-the-world-data-center-for-marine-mammal-sea-bird-and-sea-turtle</onlink></citeinfo></crossref></idinfo>
<distinfo><distrib><cntinfo><cntorgp><cntper>OBIS-SEAMAP</cntper><cntorg>Nicholas School of Environment, Duke Univ.</cntorg></cntorgp><cntpos/><cntaddr><addrtype>mailing and physical address</addrtype><address>A328, LSRC</address><city>Durham</city><state>NC</state><postal>27708</postal><country>USA</country></cntaddr><cntvoice>919-613-8021</cntvoice><cntemail>seamap-contact@duke.edu</cntemail><cntefax/></cntinfo></distrib><distliab>Not to hold OBIS-SEAMAP liable for errors in the data. While we have made every effort to ensure the quality of the database, we cannot guarantee the accuracy of these datasets.&#xD;
Also please refer to Use Constraints.</distliab><stdorder><fees>Free</fees><ordering>Go to the OBIS-SEAMAP web site</ordering><digform><digtinfo><formname>zip</formname><filedec>zipped shapefile</filedec></digtinfo><digtopt><onlinopt><computer><networka><networkr>http://seamap.env.duke.edu/dataset/439</networkr></networka></computer></onlinopt></digtopt></digform></stdorder></distinfo><metainfo><metc><cntinfo><cntperp><cntper>Ei Fujioka</cntper><cntorg>Duke University</cntorg></cntperp><cntpos/><cntaddr><addrtype>mailing and physical address</addrtype><address>LSRC A328</address><city>Durham</city><state>NC</state><country>USA</country><postal>27708</postal></cntaddr><cntemail>efujioka@duke.edu</cntemail><cntvoice>919-613-8021</cntvoice></cntinfo></metc><metextns><onlink>http://www.nbii.gov/</onlink><metprof>Biological Data Profile</metprof></metextns><metd>2009-09-09</metd><metrd>2013-07-31</metrd></metainfo><dataqual><posacc><horizpa><horizpar/></horizpa><vertacc><vertaccr/></vertacc></posacc><attracc><attraccr/></attracc><complete/></dataqual><eainfo><overview><eadetcit>Islameta Group - Department of Biology, University of Pisa</eadetcit><eaover/></overview><detailed><attr><attrlabl>datetime</attrlabl><attrdef>Date and time of observation</attrdef></attr><attr><attrlabl>latitude</attrlabl><attrdef>Latitude of observation</attrdef></attr><attr><attrlabl>longitude</attrlabl><attrdef>Longitude of observation</attrdef></attr><attr><attrlabl>sp_obs</attrlabl><attrdef>Species observed</attrdef></attr><attr><attrlabl>sp_scientific</attrlabl><attrdef/></attr><attr><attrlabl>sp_tsn</attrlabl><attrdef>Species ITIS TSN</attrdef></attr><attr><attrlabl>obs_count</attrlabl><attrdef>Number of animals observed</attrdef></attr><attr><attrlabl>series</attrlabl><attrdef/></attr><attr><attrlabl>lc</attrlabl><attrdef/></attr><attr><attrlabl>oid</attrlabl><attrdef>Unique ID number (generated by SEAMAP)</attrdef></attr></detailed></eainfo><spref><horizsys><cordsysn><geogcsn>GCS_WGS_1984</geogcsn></cordsysn><geograph><geogunit>Decimal degrees</geogunit><latres>0.000167</latres><longres>0.000167</longres></geograph><geodetic><horizdn>D_WGS_1984</horizdn><ellips>WGS_1984</ellips><semiaxis>6378137.000000</semiaxis><denflat>298.257224</denflat></geodetic></horizsys></spref></metadata>
