<?xml version="1.0"?>
<metadata>
  <idinfo>
    <descript>
      <abstract>When Christopher Columbus discovered the Cayman Islands in 1503, he named them Las Tortugas (the turtles). Ferdinand Columbus recounted that the islands were ?full of tortoises, as was all the sea about, insomuch as that they looked like little rocks? The green turtle population was estimated at over 6.5 million turtles at the time of the discovery, and turtle fishing (turtling) came to form the basis of the economy and culture of the Cayman Islands. This historical importance is memorialized in our Coat of Arms and currency, but by the beginning of the 19th century, commercial exploitation had driven the immense green turtle nesting population in the Cayman Islands to the brink of extinction. &lt;br&gt;Wild turtles continue have a central place in the memories and experiences of many of our citizens, but today, only a few dozen nesting sea turtles remain. Where do these endangered greens and loggerheads go after they leave our beaches? With the help of schools and the community, the Cayman Islands Department of Environment and the Marine Turtle Research Group have begun a satellite telemetry project to track our historically and culturally important sea turtles for the first time.</abstract>
      <purpose/>
      <supplinf>Visit STAT's project page for additional information at http://www.seaturtle.org/tracking/index.shtml?project_id=3</supplinf>
    </descript>
    <citation>
      <citeinfo><origin>Blumenthal J.</origin><pubdate>2016</pubdate><title>Cayman Islands 2003: Loggerhead &amp; Green Turtles</title><onlink>http://seamap.env.duke.edu/dataset/349</onlink><serinfo><sername>OBIS-SEAMAP</sername><issue>349</issue></serinfo><pubinfo><pubplace>http://seamap.env.duke.edu/dataset/349</pubplace><publish>OBIS-SEAMAP</publish></pubinfo><geoform>vector digital data</geoform><othercit>originated from Satellite Tracking and Analysis Tool (STAT; http://www.seaturtle.org/tracking/index.shtml?project_id=3)</othercit></citeinfo>
    </citation>
    <timeperd>
      <current>ground condition</current>
      <timeinfo>
        <rngdates>
          <begdate>20030728</begdate>
          <enddate>20060426</enddate>
        </rngdates>
      </timeinfo>
    </timeperd>
    <status>
      <progress>Complete</progress>
      <update>As needed</update>
    </status>
    <spdom><bounding><westbc>-88.738</westbc><eastbc>-80.897</eastbc><northbc>19.468</northbc><southbc>12.217</southbc></bounding><lboundng><leftbc>-88.738</leftbc><rightbc>-80.897</rightbc><topbc>19.468</topbc><bottombc>12.217</bottombc></lboundng><descgeog>Ocean</descgeog></spdom>
    <keywords><theme><themekt>None</themekt><themekey>Marine Biology</themekey></theme></keywords>
    <accconst>The telemetry dataset is publicly visualized on the OBIS-SEAMAP web site. However, the data is not available for download without permission from the data provider.</accconst>
    <useconst>1. Not to use data obtained from OBIS-SEAMAP in any publication, product, or commercial application without proper attribution to the original data provider(s) and OBIS-SEAMAP unless the datasets are explicitly shown under the CC0 policy. Citations or credits are suggested as attribution. If the data you downloaded come from multiple datasets, a citation or credit to each of the datasets is required.

Suggested citation for this dataset:

Blumenthal J.. 2016. Cayman Islands 2003: Loggerhead &amp; Green Turtles. Data downloaded from OBIS-SEAMAP (http://seamap.env.duke.edu/dataset/349) on yyyy-mm-dd and originated from Satellite Tracking and Analysis Tool (STAT; http://www.seaturtle.org/tracking/index.shtml?project_id=3)

Suggested citation for STAT:

Coyne, M. S., and B. J. Godley. 2005. Satellite Tracking and Analysis Tool (STAT): an integrated system for archiving, analyzing and mapping animal tracking data. Marine Ecology Progress Series. Vol. 301: 1-7

Suggested citation for OBIS-SEAMAP:

Halpin, P.N., A.J. Read, E. Fujioka, B.D. Best, B. Donnelly, L.J. Hazen, C. Kot, K. Urian, E. LaBrecque, A. Dimatteo, J. Cleary, C. Good, L.B. Crowder, and K.D. Hyrenbach. 2009. OBIS-SEAMAP: The world data center for marine mammal, sea bird, and sea turtle distributions. Oceanography 22(2):104-115

2. To forward the citation of any publication / report that made use of the data / tools provided by OBIS-SEAMAP for inclusion in our list of references.

3. Not to hold OBIS-SEAMAP or the original data providers liable for errors in the data. While we have made every effort to ensure the quality of the database, we cannot guarantee the accuracy of these datasets. 

4. The burden for determining fitness for use of the downloaded data for any analyses lies entirely with the user. OBIS-SEAMAP or the original data providers do not support outcomes of your analyses that used the data you downloaded from OBIS-SEAMAP.

5. To consider inclusion of the accompanying transect (effort) dataset if available into the methodology of your analyses.

6. Not to redistribute the data you downloaded from OBIS-SEAMAP through any media without contect from OBIS-SEAMAP and the original data providers unless the datasets are explicitly shown under the CC0 policy.</useconst>
    <natvform>Shapefile</natvform>
    <ptcontac>
      <cntinfo>
        <cntperp>
          <cntper>Janice Blumenthal</cntper>
          <cntorg>Marine Turtle Research Group</cntorg>
        </cntperp>
        <cntpos/>
        <cntaddr>
          <addrtype>mailing and physical address</addrtype>
          <address/>
          <city/>
          <state/>
          <postal/>
          <country/>
        </cntaddr>
        <cntvoice>unknown</cntvoice>
        <cntemail>jblumenthal@seaturtle.org</cntemail>
      </cntinfo>
    </ptcontac>
    <ptcontac><cntinfo><cntperp><cntper>Janice Blumenthal</cntper><cntorg>Marine Turtle Research Group</cntorg></cntperp><cntaddr><addrtype>mailing and physical address</addrtype></cntaddr><cntemail>abroderick@seaturtle.org,mcoyne@seaturtle.org</cntemail></cntinfo></ptcontac><ptcontac><cntinfo><cntperp><cntper>Janice Blumenthal</cntper><cntorg>Marine Turtle Research Group</cntorg></cntperp><cntaddr><addrtype>mailing and physical address</addrtype></cntaddr><cntemail>abroderick@seaturtle.org,mcoyne@seaturtle.org</cntemail></cntinfo></ptcontac><ptcontac><cntinfo><cntperp><cntper>Janice Blumenthal</cntper><cntorg>Marine Turtle Research Group</cntorg></cntperp><cntaddr><addrtype>mailing and physical address</addrtype></cntaddr><cntemail>abroderick@seaturtle.org,mcoyne@seaturtle.org</cntemail></cntinfo></ptcontac><ptcontac><cntinfo><cntperp><cntper>Janice Blumenthal</cntper><cntorg>Marine Turtle Research Group</cntorg></cntperp><cntaddr><addrtype>mailing and physical address</addrtype></cntaddr><cntemail>abroderick@seaturtle.org,mcoyne@seaturtle.org</cntemail></cntinfo></ptcontac><datacred>Data provider: Marine Turtle Research Group; Originating data center: Satellite Tracking and Analysis Tool (STAT); Project sponsor or sponsor description: The Department of Environment and MTRG would like to thank Erika and Jacob Olde for their sponsorship of ?Samia? and Year 7 and 8 students of St. Ignatius High School for their sponsorship of Shelby and Myles. St. Ignatius students received generous donations from Rotary International, Bank of Butterfield, &lt;a href=http://www.tortugarums.com&gt;Tortuga Rum Company&lt;/a&gt;, and the Final Touch. This research is also supported by &lt;a href=http://www.caymanwildlife.ky&gt;Cayman Wildlife Connection&lt;/a&gt;, and a grant from the Natural Environment Research Council to MTRG. Finally, &lt;a href=http://www.sirtrack.com&gt;Sirtrack Inc&lt;/a&gt; made this project possible by providing custom-build KiwiSat 101 PTTs almost immediately after St. Ignatius students completed their fund-raising and an order was placed.</datacred>
  <taxonomy><keywtax><taxonkt>Taxon covered</taxonkt><taxonkey>Sea turtles</taxonkey></keywtax><taxonsys><classsys><classcit><citeinfo><origin>Integrated Taxonomic Information System</origin><pubdate>Unknown</pubdate><title>Integrated Taxonomic Information System</title><geoform>Not applicable</geoform><othercit>Downloaded April, 2004</othercit><onlink>http://www.itis.usda.gov/</onlink></citeinfo></classcit></classsys><ider><cntinfo><cntperp><cntper>Refer to the contact information of the dataset</cntper><cntorg>Refer to the contact information of the dataset</cntorg></cntperp><cntaddr><addrtype>mailing and physical address</addrtype><address>Refer to the contact information of the dataset</address><city>Refer to the contact information of the dataset</city><state>Refer to the contact information of the dataset</state><postal>Refer to the contact information of the dataset</postal><country>Refer to the contact information of the dataset</country></cntaddr><cntvoice>Not provided</cntvoice></cntinfo></ider><taxonpro>Identified by observers or researchers conducting the survey</taxonpro></taxonsys><taxoncl><taxonrn>Kingdom</taxonrn><taxonrv>Animalia</taxonrv><taxoncl><taxonrn>Phylum</taxonrn><taxonrv>Chordata</taxonrv><taxoncl><taxonrn>Subphylum</taxonrn><taxonrv>Vertebrata</taxonrv><taxoncl><taxonrn>Class</taxonrn><taxonrv>Reptilia</taxonrv><taxoncl><taxonrn>Order</taxonrn><taxonrv>Testudines</taxonrv><taxoncl><taxonrn>Suborder</taxonrn><taxonrv>Cryptodira</taxonrv><taxoncl><taxonrn>Superfamily</taxonrn><taxonrv>Chelonioidea</taxonrv><taxoncl><taxonrn>Family</taxonrn><taxonrv>Cheloniidae</taxonrv><taxoncl><taxonrn>Subfamily</taxonrn><taxonrv>Carettinae</taxonrv><taxoncl><taxonrn>Genus</taxonrn><taxonrv>Caretta</taxonrv><taxoncl><taxonrn>Species</taxonrn><taxonrv>Caretta caretta</taxonrv></taxoncl></taxoncl></taxoncl><taxoncl><taxonrn>Subfamily</taxonrn><taxonrv>Cheloniinae</taxonrv><taxoncl><taxonrn>Genus</taxonrn><taxonrv>Chelonia</taxonrv><taxoncl><taxonrn>Species</taxonrn><taxonrv>Chelonia mydas</taxonrv></taxoncl></taxoncl></taxoncl></taxoncl></taxoncl></taxoncl></taxoncl></taxoncl></taxoncl></taxoncl></taxoncl></taxonomy><native>Relational database</native><crossref><citeinfo><origin>Coyne, M. S., and B. J. Godley</origin><pubdate>2005</pubdate><title>OBIS-SEAMAP: The world data center for marine mammal, sea bird, and sea turtle distributions</title><geoform>vector digital data</geoform><serinfo><sername>Marine Ecology Progress Series</sername><issue>Vol. 301: 1-7</issue></serinfo><onlink>http://www.int-res.com/abstracts/meps/v301/feature/</onlink></citeinfo></crossref></idinfo>
  <metainfo>
    <metc><cntinfo><cntperp><cntper>Michael Coyne</cntper><cntorg>seaturtle.org</cntorg></cntperp><cntpos/><cntaddr><addrtype>mailing and physical address</addrtype></cntaddr><cntemail>mcoyne@seaturtle.org</cntemail></cntinfo></metc>
    <metextns>
      <onlink>http://www.nbii.gov/</onlink>
      <metprof>Biological Data Profile</metprof>
    </metextns>
  <metd>20161215</metd><metrd>20161215</metrd></metainfo>
  <dataqual>
    <posacc>
      <horizpa>
        <horizpar/>
      </horizpa>
      <vertacc>
        <vertaccr/>
      </vertacc>
    </posacc>
  <attracc><attraccr/></attracc><complete>No report provided</complete><logic>not applicable</logic><lineage><procstep><procdesc>Data were put through the OBIS-SEAMAP data registration steps.</procdesc><procdate>20161123</procdate></procstep></lineage></dataqual>
<distinfo><distrib><cntinfo><cntorgp><cntper>OBIS-SEAMAP</cntper><cntorg>Nicholas School of Environment, Duke University</cntorg></cntorgp><cntpos/><cntaddr><addrtype>mailing and physical address</addrtype><address>A328, LSRC</address><city>Durham</city><state>NC</state><postal>27708</postal><country>USA</country></cntaddr><cntvoice>919-613-8021</cntvoice><cntemail>seamap-contact@duke.edu</cntemail><cntperp/></cntinfo><resdesc>OBIS-SEAMAP Dataset ID 349</resdesc></distrib><distliab>Not to hold OBIS-SEAMAP liable for errors in the data. While we have made every effort to ensure the quality of the database, we cannot guarantee the accuracy of these datasets.&#xD;
Also please refer to Use Constraints.</distliab><stdorder><fees>Free</fees><ordering>Go to the OBIS-SEAMAP web site</ordering><digform><digtinfo><formname>zip</formname><filedec>zipped shapefile</filedec></digtinfo><digtopt><onlinopt><computer><networka><networkr>http://seamap.env.duke.edu/dataset/349</networkr></networka></computer></onlinopt></digtopt></digform></stdorder></distinfo><eainfo><overview><eadetcit>Marine Turtle Research Group</eadetcit><eaover/></overview><detailed><enttyp><enttypl>Biogeographic data</enttypl><enttypd>Biogeographic data</enttypd><enttypds>Not applicable</enttypds></enttyp><attr><attrlabl>project_id</attrlabl><attrdef>STAT Project ID</attrdef><attrdefs>Data provider</attrdefs><attrdomv><udom>STAT Project ID</udom></attrdomv></attr><attr><attrlabl>prognum</attrlabl><attrdef>Program number</attrdef><attrdefs>Data provider</attrdefs><attrdomv><udom>Program number</udom></attrdomv></attr><attr><attrlabl>tag_id</attrlabl><attrdef>PTT ID</attrdef><attrdefs>Data provider</attrdefs><attrdomv><udom>PTT ID</udom></attrdomv></attr><attr><attrlabl>datetime_utc</attrlabl><attrdef>Date and time in UTC</attrdef><attrdefs>Data provider</attrdefs><attrdomv><rdom><rdommin>2003-07-28 12:30:24</rdommin><rdommax>2006-04-26 14:59:45</rdommax></rdom></attrdomv></attr><attr><attrlabl>lc</attrlabl><attrdef>Location class</attrdef><attrdefs>Data provider</attrdefs><attrdomv><edom><edomv>0</edomv><edomvd>Location class 0</edomvd><edomvds>Data provider</edomvds></edom><edom><edomv>1</edomv><edomvd>Location class 1</edomvd><edomvds>Data provider</edomvds></edom><edom><edomv>2</edomv><edomvd>Location class 2</edomvd><edomvds>Data provider</edomvds></edom><edom><edomv>3</edomv><edomvd>Location class 3</edomvd><edomvds>Data provider</edomvds></edom><edom><edomv>A</edomv><edomvd>Location class A</edomvd><edomvds>Data provider</edomvds></edom><edom><edomv>B</edomv><edomvd>Location class B</edomvd><edomvds>Data provider</edomvds></edom></attrdomv></attr><attr><attrlabl>iq</attrlabl><attrdef>Quality indicator</attrdef><attrdefs>Data provider</attrdefs><attrdomv><udom>Quality indicator</udom></attrdomv></attr><attr><attrlabl>latitude</attrlabl><attrdef>Latitude 1</attrdef><attrdefs>Data provider</attrdefs><attrdomv><rdom><rdommin>12.217000</rdommin><rdommax>19.468000</rdommax></rdom></attrdomv></attr><attr><attrlabl>longitude</attrlabl><attrdef>Longitude 1</attrdef><attrdefs>Data provider</attrdefs><attrdomv><rdom><rdommin>-88.738000</rdommin><rdommax>-80.897000</rdommax></rdom></attrdomv></attr><attr><attrlabl>dir1</attrlabl><attrdef>Dir 1</attrdef><attrdefs>Data provider</attrdefs><attrdomv><udom>Dir 1</udom></attrdomv></attr><attr><attrlabl>nb_mes</attrlabl><attrdef>Number of messages received</attrdef><attrdefs>Data provider</attrdefs><attrdomv><udom>Number of messages received</udom></attrdomv></attr><attr><attrlabl>big_nb_mes</attrlabl><attrdef>definition not provided</attrdef><attrdefs>Data provider</attrdefs><attrdomv><udom>definition not provided</udom></attrdomv></attr><attr><attrlabl>best_level</attrlabl><attrdef>Best signal strength in dB</attrdef><attrdefs>Data provider</attrdefs><attrdomv><udom>Best signal strength in dB</udom></attrdomv></attr><attr><attrlabl>pass_duration</attrlabl><attrdef>Pass duration in seconds</attrdef><attrdefs>Data provider</attrdefs><attrdomv><udom>Pass duration in seconds</udom></attrdomv></attr><attr><attrlabl>nopc</attrlabl><attrdef>Number Of Plausibility Checks successful (from 0-4)</attrdef><attrdefs>Data provider</attrdefs><attrdomv><udom>Number Of Plausibility Checks successful (from 0-4)</udom></attrdomv></attr><attr><attrlabl>calcul_freq</attrlabl><attrdef>Calculated frequency</attrdef><attrdefs>Data provider</attrdefs><attrdomv><udom>Calculated frequency</udom></attrdomv></attr><attr><attrlabl>altitude</attrlabl><attrdef>Altitude used for location calculation</attrdef><attrdefs>Data provider</attrdefs><attrdomv><udom>Altitude used for location calculation</udom></attrdomv></attr><attr><attrlabl>sensors</attrlabl><attrdef>Sensors</attrdef><attrdefs>Data provider</attrdefs><attrdomv><udom>Sensors</udom></attrdomv></attr><attr><attrlabl>species</attrlabl><attrdef>Species name</attrdef><attrdefs>Data provider</attrdefs><attrdomv><udom>Species name</udom></attrdomv></attr><attr><attrlabl>sp_tsn</attrlabl><attrdef>ITIS Taxonomic Serial Number</attrdef><attrdefs>Data provider</attrdefs><attrdomv><codesetd><codesetn>ITIS Taxonomic Serial Number</codesetn><codesets>Data provider</codesets></codesetd></attrdomv></attr><attr><attrlabl>lc_filter</attrlabl><attrdef>Parameters to location filtering</attrdef><attrdefs>Data provider</attrdefs><attrdomv><udom>Parameters to location filtering</udom></attrdomv></attr><attr><attrlabl>speed_filter</attrlabl><attrdef>Parameters to speed filtering</attrdef><attrdefs>Data provider</attrdefs><attrdomv><udom>Parameters to speed filtering</udom></attrdomv></attr><attr><attrlabl>distance_filter</attrlabl><attrdef>Parameters to distance filtering</attrdef><attrdefs>Data provider</attrdefs><attrdomv><udom>Parameters to distance filtering</udom></attrdomv></attr><attr><attrlabl>topo_filter</attrlabl><attrdef>Parameters to topo filtering</attrdef><attrdefs>Data provider</attrdefs><attrdomv><udom>Parameters to topo filtering</udom></attrdomv></attr><attr><attrlabl>time_filter</attrlabl><attrdef>Parameters to time filtering</attrdef><attrdefs>Data provider</attrdefs><attrdomv><udom>Parameters to time filtering</udom></attrdomv></attr><attr><attrlabl>angle_filter</attrlabl><attrdef>Parameters to angle filtering</attrdef><attrdefs>Data provider</attrdefs><attrdomv><udom>Parameters to angle filtering</udom></attrdomv></attr><attr><attrlabl>life_stage</attrlabl><attrdef>Life stage of the animal</attrdef><attrdefs>Data provider</attrdefs><attrdomv><edom><edomv>Adult</edomv><edomvd>Life stage of the animal Adult</edomvd><edomvds>Data provider</edomvds></edom></attrdomv></attr><attr><attrlabl>gender</attrlabl><attrdef>Gender of the animal</attrdef><attrdefs>Data provider</attrdefs><attrdomv><edom><edomv>Female</edomv><edomvd>Gender of the animal Female</edomvd><edomvds>Data provider</edomvds></edom></attrdomv></attr><attr><attrlabl>wetdry</attrlabl><attrdef>Wet or dry</attrdef><attrdefs>Data provider</attrdefs><attrdomv><udom>Wet or dry</udom></attrdomv></attr><attr><attrlabl>wetdry_filter</attrlabl><attrdef>Parameters to Wet or dry filterint</attrdef><attrdefs>Data provider</attrdefs><attrdomv><udom>Parameters to Wet or dry filterint</udom></attrdomv></attr><attr><attrlabl>obs_datetime</attrlabl><attrdef>Date and time (local time zone)</attrdef><attrdefs>Data provider</attrdefs><attrdomv><rdom><rdommin>2003-07-28 07:30:24</rdommin><rdommax>2006-04-26 08:59:45</rdommax></rdom></attrdomv></attr><attr><attrlabl>timezone_h</attrlabl><attrdef>Time difference from UTC</attrdef><attrdefs>Data provider</attrdefs><attrdomv><udom>Time difference from UTC</udom></attrdomv></attr><attr><attrlabl>obs_count</attrlabl><attrdef>Animal count (always 1)</attrdef><attrdefs>Data provider</attrdefs><attrdomv><rdom><rdommin>1</rdommin><rdommax>1</rdommax></rdom></attrdomv></attr></detailed></eainfo><spref><horizsys><cordsysn><geogcsn>GCS_WGS_1984</geogcsn></cordsysn><geograph><geogunit>Decimal degrees</geogunit><latres>0.001</latres><longres>0.001</longres></geograph><geodetic><horizdn>D_WGS_1984</horizdn><ellips>WGS_1984</ellips><semiaxis>6378137.000000</semiaxis><denflat>298.257224</denflat></geodetic></horizsys></spref></metadata>
