<?xml version="1.0"?>
<metadata><idinfo><taxonomy><keywtax><taxonkt>Taxon covered</taxonkt><taxonkey>Sea turtles</taxonkey></keywtax><taxonsys><classsys><classcit><citeinfo><origin>Integrated Taxonomic Information System</origin><pubdate>Unknown</pubdate><title>Integrated Taxonomic Information System</title><geoform>Not applicable</geoform><othercit>Downloaded April, 2004</othercit><onlink>http://www.itis.usda.gov/</onlink></citeinfo></classcit></classsys><ider><cntinfo><cntperp><cntper>Refer to the contact information of the dataset</cntper><cntorg>Refer to the contact information of the dataset</cntorg></cntperp><cntaddr><addrtype>mailing and physical address</addrtype><address>Refer to the contact information of the dataset</address><city>Refer to the contact information of the dataset</city><state>Refer to the contact information of the dataset</state><postal>Refer to the contact information of the dataset</postal><country>Refer to the contact information of the dataset</country></cntaddr><cntvoice>Not provided</cntvoice></cntinfo></ider><taxonpro>Identified by observers or researchers conducting the survey</taxonpro></taxonsys><taxoncl><taxonrn>Kingdom</taxonrn><taxonrv>Animalia</taxonrv><taxoncl><taxonrn>Phylum</taxonrn><taxonrv>Chordata</taxonrv><taxoncl><taxonrn>Subphylum</taxonrn><taxonrv>Vertebrata</taxonrv><taxoncl><taxonrn>Class</taxonrn><taxonrv>Reptilia</taxonrv><taxoncl><taxonrn>Order</taxonrn><taxonrv>Testudines</taxonrv><taxoncl><taxonrn>Suborder</taxonrn><taxonrv>Cryptodira</taxonrv><taxoncl><taxonrn>Superfamily</taxonrn><taxonrv>Chelonioidea</taxonrv><taxoncl><taxonrn>Family</taxonrn><taxonrv>Cheloniidae</taxonrv><taxoncl><taxonrn>Subfamily</taxonrn><taxonrv>Carettinae</taxonrv><taxoncl><taxonrn>Genus</taxonrn><taxonrv>Eretmochelys</taxonrv><taxoncl><taxonrn>Species</taxonrn><taxonrv>Eretmochelys imbricata</taxonrv></taxoncl></taxoncl></taxoncl></taxoncl></taxoncl></taxoncl></taxoncl></taxoncl></taxoncl></taxoncl></taxoncl></taxonomy><datacred>Data provider: NOAA Southwest Fisheries Science Center; Originating data center: Satellite Tracking and Analysis Tool (STAT); Project sponsor or sponsor description: Our Eastern Pacific Hawksbill team would like to thank the following individuals and organizations (logos) for their support of this project:&lt;br&gt;- Wally y Sheila Nichols&lt;br&gt;- Carlos Enrique Araujo&lt;br&gt;- Enrique Melendez&lt;br&gt;- Leonor Sardihna&lt;br&gt;- Michael Carey&lt;br&gt;- Dane Whittington&lt;br&gt;</datacred><descript><abstract>&lt;MARQUEE bgcolor=#80CCFF loop=-1 scrollamount=6 width=75%&gt; Please visit www.hawksbill.org for more information about efforts to research and protect hawksbill turtles in the eastern Pacific Ocean &lt;/MARQUEE&gt;&lt;br&gt;&lt;br&gt;Make a list of the world's most endangered sea turtle populations. Is the eastern Pacific hawksbill on it? If not, it's no surprise. Essentially nothing is known of the biology, distribution, abundance, or conservation needs of this enigmatic population. Until recently, virtually nothing had been done to study what remains of these animals in the eastern Pacific, hunted nearly into extinction long before the start of the modern sea turtle conservation movement.  &lt;br&gt;&lt;br&gt;In 2005, the IUCN Marine Turtle Specialist Group recognized the lack of information about this population, listing it among global-scale critical research and conservation needs. According to communities and conservation projects in the region, some hawksbills do still remain in the eastern Pacific, but until recently, many thought it was too late to save hawksbills in this region. However, during the First Workshop on Eastern Pacific Hawksbills held in El Salvador in July 2008, it became clear that there were still a few nesting strongholds for the species in the region and that it was not too late to recover hawksbill turtles in the Eastern Pacific.&lt;br&gt;&lt;br&gt;Boding well for the turtles, more hawksbills are being reported now than were reported several decades ago a result of the increased protection afforded to sea turtles in the early 1990s, many local fishers believe. As explained by Juan de la Cruz, a former turtle hunter from a small fishing village on the shores of the Gulf of California, Mexico, thirty years ago it was almost impossible to see a hawksbill, because hunting of the species was rampant. Once the laws were established, the market for penca [tortoise shell] died, and seeking hawksbills became too risky. If people wanted to eat turtle meat, they trapped other turtles that were easier to capture.&lt;br&gt;&lt;br&gt;In spite of these recent discoveries and increased in-water hawksbill sightings, Jose Ovidio Perdomo, a life-long sea turtle egg collector turned conservationist, still has concerns about nesting hawksbills in the Biosphere Reserve of the Bahia de Jiquilisco, El Salvador, Although we are receiving hawksbills, their numbers have decreased significantly during my 40 years in the 'tortugueada' (search for sea turtle eggs), owed primarily to the extraction of eggs for consumption, beach development, and most recently, the use of explosives (as a fishing technique). I fear that if we don't change our path, my grandchildren will not know the hawksbills.&lt;br&gt;&lt;br&gt;Many questions remain, but the mysteries of this forgotten population are beginning to reveal themselves.  By shedding light on the biology and conservation status of the eastern Pacific hawksbill, we will provide critical information for local and regional conservation management plans that will ultimately determine the feasibility of the turtles recovery in this region of the world, hopefully transforming their vanishing act into a comeback.&#xC3;&#xA2;&#xE2;,&#xAC;&#xC2;&#xA8;&#xC3;&#xA2;&#xE2;,&#xAC;&#xC2;&#xA8;  &lt;br&gt;&lt;br&gt;For video and media coverage of this multi-national collaborative effort go to:&lt;br&gt;&lt;A HREF=http://youtube.com/watch?v=kX-5-VzPNUU&gt;http://youtube.com/watch?v=kX-5-VzPNUU&lt;/A&gt; &#xC3;&#xA2;&#xE2;,&#xAC;&#xC2;&#xA8;&lt;br&gt;&lt;A HREF=http://youtube.com/watch?v=iVVM5Zg0Nqo&gt;http://youtube.com/watch?v=iVVM5Zg0Nqo&lt;/A&gt; &#xC3;&#xA2;&#xE2;,&#xAC;&#xC2;&#xA8;&lt;br&gt;&lt;A HREF=http://www.laprensagrafica.com/nacion/1104272.asp&gt; http://www.laprensagrafica.com/nacion/1104272.asp&lt;/A&gt; &#xC3;&#xA2;&#xE2;,&#xAC;&#xC2;&#xA8;&#xC3;&#xA2;&#xE2;,&#xAC;&#xC2;&#xA8;&lt;br&gt;&lt;A HREF=http://tinyurl.com/6comtd&gt; http://tinyurl.com/6comtd&gt; http://tinyurl.com/6comtd&gt; http://tinyurl.com/6comtd&lt;/A&gt;&lt;br&gt;&lt;A HREF=http://www.numerounoonline.com/nota.php?id=3226&gt; http://www.numerounoonline.com/nota.php?id=3226&lt;/A&gt;&lt;br&gt;&lt;A HREF=http://www.youtube.com/watch?v=XlfnXH-qa1g&gt; http://www.youtube.com/watch?v=XlfnXH-qa1g&lt;/A&gt;</abstract><supplinf>Visit STAT's project page for additional information at http://www.seaturtle.org/tracking/index.shtml?project_id=295</supplinf></descript><citation><citeinfo><origin>Seminoff J</origin><pubdate>2022</pubdate><title>Iniciativa Carey del Pacifico Oriental - ICAPO - Eastern Pacific Hawksbill Initiative</title><geoform>vector digital data</geoform><serinfo><sername>OBIS-SEAMAP</sername><issue>1336</issue></serinfo><pubinfo><pubplace>http://seamap.env.duke.edu/dataset/1336</pubplace><publish>OBIS-SEAMAP</publish></pubinfo><onlink>http://seamap.env.duke.edu/dataset/1336</onlink><othercit>originated from Satellite Tracking and Analysis Tool (STAT; http://www.seaturtle.org/tracking/index.shtml?project_id=295)</othercit></citeinfo></citation><timeperd><current>ground condition</current><timeinfo><rngdates><begdate>20080624</begdate><enddate>20201022</enddate></rngdates></timeinfo></timeperd><status><progress>Complete</progress><update>As needed</update></status><spdom><bounding><westbc>-126.575</westbc><eastbc>-50.014</eastbc><northbc>47.679</northbc><southbc>-3.507</southbc></bounding><descgeog>Ocean</descgeog></spdom><keywords><theme><themekt>None</themekt><themekey>Marine Biology</themekey></theme></keywords><accconst>The telemetry dataset is publicly visualized on the OBIS-SEAMAP web site. However, the data is not available for download without permission from the data provider.</accconst><useconst>1. Not to use data obtained from OBIS-SEAMAP in any publication, product, or commercial application without proper attribution to the original data provider(s) and OBIS-SEAMAP unless the datasets are explicitly shown under the CC0 policy. Citations or credits are suggested as attribution. If the data you downloaded come from multiple datasets, a citation or credit to each of the datasets is required.

Suggested citation for this dataset:

Seminoff J. 2022. Iniciativa Carey del Pacifico Oriental - ICAPO - Eastern Pacific Hawksbill Initiative. Data downloaded from OBIS-SEAMAP (http://seamap.env.duke.edu/dataset/1336) on yyyy-mm-dd and originated from Satellite Tracking and Analysis Tool (STAT; http://www.seaturtle.org/tracking/index.shtml?project_id=295)

Suggested citation for STAT:

Coyne, M. S., and B. J. Godley. 2005. Satellite Tracking and Analysis Tool (STAT): an integrated system for archiving, analyzing and mapping animal tracking data. Marine Ecology Progress Series. Vol. 301: 1-7

Suggested citation for OBIS-SEAMAP:

Halpin, P.N., A.J. Read, E. Fujioka, B.D. Best, B. Donnelly, L.J. Hazen, C. Kot, K. Urian, E. LaBrecque, A. Dimatteo, J. Cleary, C. Good, L.B. Crowder, and K.D. Hyrenbach. 2009. OBIS-SEAMAP: The world data center for marine mammal, sea bird, and sea turtle distributions. Oceanography 22(2):104-115

2. To forward the citation of any publication / report that made use of the data / tools provided by OBIS-SEAMAP for inclusion in our list of references.

3. Not to hold OBIS-SEAMAP or the original data providers liable for errors in the data. While we have made every effort to ensure the quality of the database, we cannot guarantee the accuracy of these datasets. 

4. The burden for determining fitness for use of the downloaded data for any analyses lies entirely with the user. OBIS-SEAMAP or the original data providers do not support outcomes of your analyses that used the data you downloaded from OBIS-SEAMAP.

5. To consider inclusion of the accompanying transect (effort) dataset if available into the methodology of your analyses.

6. Not to redistribute the data you downloaded from OBIS-SEAMAP through any media without contect from OBIS-SEAMAP and the original data providers unless the datasets are explicitly shown under the CC0 policy.</useconst><native>Relational database</native><ptcontac><cntinfo><cntperp><cntper>Jeffrey Seminoff</cntper><cntorg>NOAA Southwest Fisheries Science Center</cntorg></cntperp><cntaddr><addrtype>mailing and physical address</addrtype></cntaddr><cntvoice>unknown</cntvoice><cntemail>jeffrey.seminoff@noaa.gov</cntemail></cntinfo></ptcontac><crossref><citeinfo><origin>Coyne, M. S., and B. J. Godley</origin><pubdate>2005</pubdate><title>OBIS-SEAMAP: The world data center for marine mammal, sea bird, and sea turtle distributions</title><geoform>vector digital data</geoform><serinfo><sername>Marine Ecology Progress Series</sername><issue>Vol. 301: 1-7</issue></serinfo><onlink>http://www.int-res.com/abstracts/meps/v301/feature/</onlink></citeinfo></crossref></idinfo><distinfo><distrib><cntinfo><cntorgp/><cntaddr><addrtype>mailing and physical address</addrtype></cntaddr></cntinfo></distrib><resdesc>OBIS-SEAMAP Dataset ID 1336</resdesc></distinfo><metainfo><metc><cntinfo><cntperp/><cntaddr><addrtype>mailing and physical address</addrtype></cntaddr></cntinfo></metc><metextns><onlink>http://www.nbii.gov/</onlink><metprof>Biological Data Profile</metprof></metextns><metd>20220601</metd><metrd>20220601</metrd></metainfo><dataqual><lineage><procstep><procdesc>Data were put through the OBIS-SEAMAP data registration steps.</procdesc><procdate>20220601</procdate></procstep></lineage></dataqual><eainfo><overview><eadetcit>NOAA Southwest Fisheries Science Center</eadetcit></overview><detailed><enttyp><enttypl>Biogeographic data</enttypl><enttypd>Biogeographic data</enttypd><enttypds>Not applicable</enttypds></enttyp><attr><attrlabl>project_id</attrlabl><attrdef>STAT Project ID</attrdef><attrdefs>Data provider</attrdefs><attrdomv><udom>STAT Project ID</udom></attrdomv></attr><attr><attrlabl>prognum</attrlabl><attrdef>Program number</attrdef><attrdefs>Data provider</attrdefs><attrdomv><udom>Program number</udom></attrdomv></attr><attr><attrlabl>tag_id</attrlabl><attrdef>PTT ID</attrdef><attrdefs>Data provider</attrdefs><attrdomv><udom>PTT ID</udom></attrdomv></attr><attr><attrlabl>datetime_utc</attrlabl><attrdef>Date and time in UTC</attrdef><attrdefs>Data provider</attrdefs><attrdomv><rdom/></attrdomv></attr><attr><attrlabl>lc</attrlabl><attrdef>Location class</attrdef><attrdefs>Data provider</attrdefs><attrdomv><edom><edomvd>Location class</edomvd><edomvds>Data provider</edomvds></edom></attrdomv></attr><attr><attrlabl>iq</attrlabl><attrdef>Quality indicator</attrdef><attrdefs>Data provider</attrdefs><attrdomv><udom>Quality indicator</udom></attrdomv></attr><attr><attrlabl>latitude</attrlabl><attrdef>Latitude 1</attrdef><attrdefs>Data provider</attrdefs><attrdomv><rdom/></attrdomv></attr><attr><attrlabl>longitude</attrlabl><attrdef>Longitude 1</attrdef><attrdefs>Data provider</attrdefs><attrdomv><rdom/></attrdomv></attr><attr><attrlabl>dir1</attrlabl><attrdef>Dir 1</attrdef><attrdefs>Data provider</attrdefs><attrdomv><udom>Dir 1</udom></attrdomv></attr><attr><attrlabl>nb_mes</attrlabl><attrdef>Number of messages received</attrdef><attrdefs>Data provider</attrdefs><attrdomv><udom>Number of messages received</udom></attrdomv></attr><attr><attrlabl>big_nb_mes</attrlabl><attrdef>definition not provided</attrdef><attrdefs>Data provider</attrdefs><attrdomv><udom>definition not provided</udom></attrdomv></attr><attr><attrlabl>best_level</attrlabl><attrdef>Best signal strength in dB</attrdef><attrdefs>Data provider</attrdefs><attrdomv><udom>Best signal strength in dB</udom></attrdomv></attr><attr><attrlabl>pass_duration</attrlabl><attrdef>Pass duration in seconds</attrdef><attrdefs>Data provider</attrdefs><attrdomv><udom>Pass duration in seconds</udom></attrdomv></attr><attr><attrlabl>nopc</attrlabl><attrdef>Number Of Plausibility Checks successful (from 0-4)</attrdef><attrdefs>Data provider</attrdefs><attrdomv><udom>Number Of Plausibility Checks successful (from 0-4)</udom></attrdomv></attr><attr><attrlabl>calcul_freq</attrlabl><attrdef>Calculated frequency</attrdef><attrdefs>Data provider</attrdefs><attrdomv><udom>Calculated frequency</udom></attrdomv></attr><attr><attrlabl>altitude</attrlabl><attrdef>Altitude used for location calculation</attrdef><attrdefs>Data provider</attrdefs><attrdomv><udom>Altitude used for location calculation</udom></attrdomv></attr><attr><attrlabl>sensors</attrlabl><attrdef>Sensors</attrdef><attrdefs>Data provider</attrdefs><attrdomv><udom>Sensors</udom></attrdomv></attr><attr><attrlabl>species</attrlabl><attrdef>Species name</attrdef><attrdefs>Data provider</attrdefs><attrdomv><udom>Species name</udom></attrdomv></attr><attr><attrlabl>sp_tsn</attrlabl><attrdef>ITIS Taxonomic Serial Number</attrdef><attrdefs>Data provider</attrdefs><attrdomv><codesetd><codesetn>ITIS Taxonomic Serial Number</codesetn><codesets>Data provider</codesets></codesetd></attrdomv></attr><attr><attrlabl>lc_filter</attrlabl><attrdef>Parameters to location filtering</attrdef><attrdefs>Data provider</attrdefs><attrdomv><udom>Parameters to location filtering</udom></attrdomv></attr><attr><attrlabl>speed_filter</attrlabl><attrdef>Parameters to speed filtering</attrdef><attrdefs>Data provider</attrdefs><attrdomv><udom>Parameters to speed filtering</udom></attrdomv></attr><attr><attrlabl>distance_filter</attrlabl><attrdef>Parameters to distance filtering</attrdef><attrdefs>Data provider</attrdefs><attrdomv><udom>Parameters to distance filtering</udom></attrdomv></attr><attr><attrlabl>topo_filter</attrlabl><attrdef>Parameters to topo filtering</attrdef><attrdefs>Data provider</attrdefs><attrdomv><udom>Parameters to topo filtering</udom></attrdomv></attr><attr><attrlabl>time_filter</attrlabl><attrdef>Parameters to time filtering</attrdef><attrdefs>Data provider</attrdefs><attrdomv><udom>Parameters to time filtering</udom></attrdomv></attr><attr><attrlabl>angle_filter</attrlabl><attrdef>Parameters to angle filtering</attrdef><attrdefs>Data provider</attrdefs><attrdomv><udom>Parameters to angle filtering</udom></attrdomv></attr><attr><attrlabl>life_stage</attrlabl><attrdef>Life stage of the animal</attrdef><attrdefs>Data provider</attrdefs><attrdomv><edom><edomvd>Life stage of the animal</edomvd><edomvds>Data provider</edomvds></edom></attrdomv></attr><attr><attrlabl>gender</attrlabl><attrdef>Gender of the animal</attrdef><attrdefs>Data provider</attrdefs><attrdomv><edom><edomvd>Gender of the animal</edomvd><edomvds>Data provider</edomvds></edom></attrdomv></attr><attr><attrlabl>wetdry</attrlabl><attrdef>Wet or dry</attrdef><attrdefs>Data provider</attrdefs><attrdomv><udom>Wet or dry</udom></attrdomv></attr><attr><attrlabl>wetdry_filter</attrlabl><attrdef>Parameters to Wet or dry filterint</attrdef><attrdefs>Data provider</attrdefs><attrdomv><udom>Parameters to Wet or dry filterint</udom></attrdomv></attr><attr><attrlabl>obs_datetime</attrlabl><attrdef>Date and time (local time zone)</attrdef><attrdefs>Data provider</attrdefs><attrdomv><rdom/></attrdomv></attr><attr><attrlabl>timezone_h</attrlabl><attrdef>Time difference from UTC</attrdef><attrdefs>Data provider</attrdefs><attrdomv><udom>Time difference from UTC</udom></attrdomv></attr><attr><attrlabl>obs_count</attrlabl><attrdef>Animal count (always 1)</attrdef><attrdefs>Data provider</attrdefs><attrdomv><rdom/></attrdomv></attr></detailed></eainfo><spref><horizsys><geograph><geogunit>Decimal degrees</geogunit><latres>0.001</latres><longres>0.001</longres></geograph><geodetic><horizdn>D_WGS_1984</horizdn><ellips>WGS_1984</ellips><semiaxis>6378137.000000</semiaxis><denflat>298.257224</denflat></geodetic></horizsys></spref></metadata>
