<?xml version="1.0" encoding="UTF-8"?>
<metadata xml:lang="en">
<Esri>
	<MetaID>{999A9551-D701-4CF5-9373-131D3DD8D969}</MetaID>
	<CreaDate>20050512</CreaDate>
	<CreaTime>19291400</CreaTime>
	<SyncOnce>FALSE</SyncOnce>
	<SyncDate>20060710</SyncDate>
	<SyncTime>17161900</SyncTime>
	<ModDate>20060815</ModDate>
	<ModTime>12091700</ModTime>
</Esri>
<idinfo>
	<keywords><theme><themekt>Platform</themekt><themekey>Radio transmitters</themekey><themekey>Animal movements</themekey></theme><theme><themekt>User defined</themekt><themekey>late juvenile</themekey><themekey>loggerheads</themekey></theme><place><placekt>User defined</placekt><placekey>Reunion Island</placekey><placekey>Oman</placekey><placekey>South-Africa</placekey></place></keywords>
	<native Sync="TRUE">Microsoft Windows 2000 Version 5.0 (Build 2195) Service Pack 4; ESRI ArcCatalog 9.1.0.722</native>
	<descript>
	<langdata Sync="TRUE">en</langdata>
	<abstract>A satellite tracking study was conducted on juvenile loggerhead sea turtles in the Indian Ocean. Eighteen individuals were fitted with transponders and tracked from Réunion Island (21.2°S, 55.3°E) in order to investigate movements and diving patterns. Nine turtles swam north towards Oman (20.5°N, 58.8°E), where one of the world’s largest rookeries of loggerheads is located. Three individuals travelled south towards South-Africa and Madagascar, countries that also host loggerhead nesting grounds. Fourteen of the transmitters relayed diving profiles. A dichotomy between diurnal and nocturnal diving behavior was observed. A greater number of shorter dives occurred during the day. Diving behavior also differed according to movement behavior as individuals spent more time in subsurface waters (&lt;10 m) during transit phases. The study provides an improved understanding of the oceanic movements and diving behavior of juvenile loggerheads. The results address a significant gap in the understanding of loggerhead oceanic movements and may help with the conservation of the species.</abstract><purpose>The purpose was to study the movement and diving behavior of late juvenile loggerheads in the western Indian Ocean.</purpose><supplinf></supplinf></descript>
	<citation>
		<citeinfo>
			<geoform Sync="TRUE">vector digital data</geoform>
			<pubinfo>
				<pubplace>http://seamap-dev.env.duke.edu/dataset/1014</pubplace>
				<publish>OBIS-SEAMAP</publish>
			</pubinfo>
		<origin>IFREMER and Kélonia</origin><pubdate>2013-10-29 15:33:39</pubdate><title>IFREMER/Kélonia satellite tracked late juvenile loggerhead sea turtles from Réunion Island 2008-2012</title><ftname>seamap1014</ftname><onlink>http://www.kelonia.org/fr/ and wwz.ifremer.fr/lareunion</onlink><edition></edition><serinfo><sername>OBIS-SEAMAP</sername></serinfo></citeinfo>
	</citation>
	<timeperd><current>ground condition</current><timeinfo><rngdates><begdate>2008-10-06</begdate><enddate>2012-12-14</enddate></rngdates></timeinfo></timeperd>
	<status><progress>Complete</progress><update>None planned</update></status>
	<spdom><bounding><westbc>18.97427</westbc><eastbc>67.84068</eastbc><northbc>20.15067</northbc><southbc>-41.30151</southbc></bounding><lboundng><leftbc Sync="TRUE">18.97427</leftbc><rightbc Sync="TRUE">67.84068</rightbc><bottombc Sync="TRUE">-41.30151</bottombc><topbc Sync="TRUE">20.15067</topbc></lboundng></spdom>
	<accconst>Open public unless otherwise noted.</accconst>
	<useconst>1. Not to use data contained in OBIS-SEAMAP in any publication, product, or commercial application without prior written consent of the original data provider.&#13;
	&#13;
	2. To cite both the data provider and OBIS-SEAMAP appropriately after approval of use is obtained.&#13;
	&#13;
	3. Not to hold OBIS-SEAMAP liable for errors in the data. While we have made every effort to ensure the quality of the database, we cannot guarantee the accuracy of these datasets.&#13;
	</useconst>
	<natvform Sync="TRUE">Shapefile</natvform>
	
	<ptcontac>
		<cntinfo>
			<cntperp><cntper>Jérôme Bourjea</cntper><cntorg>Institut Français pour L'Exploitation de la Mer (IFREMER)</cntorg></cntperp>
			<cntaddr>
				<addrtype>mailing and physical address</addrtype>
			<address>Rue Jean Bertho, BP 60</address><city>Le Port</city><state>La Réunion</state><postal>97822</postal><country>France</country></cntaddr>
		<cntpos></cntpos><cntvoice>00262 692 65 62 96</cntvoice><cntemail>jerome.bourjea@ifremer.fr</cntemail><cntfax></cntfax></cntinfo>
	</ptcontac>
<datacred>Institut Français pour L'Exploitation de la Mer (IFREMER) and Kélonia</datacred><taxonomy><taxonsys><classsys><classcit><citeinfo><origin>Integrated Taxonomic Information System</origin><title>Integrated Taxonomic Information System</title><onlink>http://www.itis.usda.gov/</onlink><othercit>Downloaded April, 2004</othercit></citeinfo></classcit></classsys><ider><cntinfo><cntorgp><cntorg>Refer to the contact information of the dataset</cntorg></cntorgp></cntinfo></ider></taxonsys></taxonomy><crossref><citeinfo><origin>Dalleau, M., S. Benhamou, J. Sudre, S. Ciccione and J. Bourjea</origin><pubdate>In Press</pubdate><title>Movement and diving behavior of late juvenile loggerhead sea turtles (&lt;i&gt;Caretta caretta&lt;/i&gt;) in the Western Indian Ocean.</title><onlink></onlink><serinfo><sername>Marine Biology</sername><issue></issue></serinfo></citeinfo></crossref></idinfo>

<metainfo>
	<langmeta Sync="TRUE">en</langmeta>
	<metstdn Sync="TRUE">FGDC Content Standards for Digital Geospatial Metadata</metstdn>
	<metstdv Sync="TRUE">FGDC-STD-001-1998</metstdv>
	<mettc Sync="TRUE">local time</mettc>
	<metc>
		<cntinfo>
			<cntorgp>
			<cntper>Ei Fujioka</cntper>
			<cntorg>Nicholas School of Environment, Duke University</cntorg>
			</cntorgp>
			<cntaddr><addrtype>mailing and physical address</addrtype><city>Durham</city><state>NC</state><postal>27708</postal><address>A328, LSRC</address><country>USA</country></cntaddr>
			<cntvoice>919-613-8021</cntvoice>
			<cntemail>seamap-contact@duke.edu</cntemail>
		<cntperp><cntper>Connie Kot</cntper><cntorg>Duke University</cntorg></cntperp><cntpos></cntpos></cntinfo>
	</metc>
	<metextns><onlink>http://www.nbii.gov/</onlink><metprof>Biological Data Profile</metprof></metextns><metextns><onlink Sync="TRUE">http://www.esri.com/metadata/esriprof80.html</onlink><metprof Sync="TRUE">ESRI Metadata Profile</metprof></metextns>
	<metd>2013-10-22</metd>
<metrd>2013-10-29</metrd></metainfo>

<mdLang><languageCode Sync="TRUE" value="en"/></mdLang>
<mdStanName Sync="TRUE">ISO 19115 Geographic Information - Metadata</mdStanName><mdStanVer Sync="TRUE">DIS_ESRI1.0</mdStanVer><mdChar><CharSetCd Sync="TRUE" value="004"/></mdChar><mdHrLv><ScopeCd Sync="TRUE" value="005"/></mdHrLv><mdHrLvName Sync="TRUE">dataset</mdHrLvName>

<distinfo>
	<resdesc Sync="TRUE">Downloadable Data</resdesc>
	<stdorder>
		<digform>
			<digtinfo>
				<transize Sync="TRUE">0.021</transize>
				<dssize Sync="TRUE">0.021</dssize>
			</digtinfo>
			<digtopt>
				<onlinopt>
					<computer>
						<networka>
							<networkr>OBIS-SEAMAP</networkr>
						</networka>
					</computer>
				</onlinopt>
			</digtopt>
		</digform>
		<fees>Free</fees>
		<ordering>Go to the OBIS-SEAMAP web site and click on [Datasets] tab appearing on upper left.</ordering>
	</stdorder>
	<distrib>
		<cntinfo>
			<cntorgp>
				<cntorg>Nicholas School of Environment, Duke Univ.</cntorg>
				<cntper>OBIS-SEAMAP</cntper>
			</cntorgp>
			<cntaddr>
				<addrtype>mailing and physical address</addrtype>
				<city>Durham</city><state>NC</state><country>USA</country><address>A328, LSRC</address><postal>27708</postal>
			</cntaddr>
			<cntvoice>919-613-8021</cntvoice>
			<cntemail>seamap-contact@duke.edu</cntemail>
		<cntpos></cntpos><cntefax></cntefax></cntinfo>
	</distrib>

	<distliab>Not to hold OBIS-SEAMAP liable for errors in the data. While we have made every effort to ensure the quality of the database, we cannot guarantee the accuracy of these datasets.&#13;
Also please refer to Use Constraints.&#13;
</distliab>
</distinfo>

	<distInfo>
		<distributor><distorTran>
				<onLineSrc><orDesc Sync="TRUE">002</orDesc>
					<protocol Sync="TRUE">Local Area Network</protocol>
				</onLineSrc>
				<transSize Sync="TRUE">0.021</transSize></distorTran>
			<distorFormat><formatName Sync="TRUE">Shapefile</formatName></distorFormat>
		</distributor></distInfo>
	<spdoinfo><direct Sync="TRUE">Vector</direct><ptvctinf>
		</ptvctinf></spdoinfo>
	<spref><horizsys><cordsysn><geogcsn>GCS_WGS_1984</geogcsn></cordsysn><geograph><geogunit>Decimal degrees</geogunit><latres>0.000167</latres><longres>0.000167</longres></geograph><geodetic><horizdn>D_WGS_1984</horizdn><ellips>WGS_1984</ellips><semiaxis>6378137.000000</semiaxis><denflat>298.257224</denflat></geodetic></horizsys></spref><refSysInfo><RefSystem><refSysID><identCode Sync="TRUE">GCS_WGS_1984</identCode></refSysID></RefSystem></refSysInfo><spatRepInfo><VectSpatRep><topLvl><TopoLevCd Sync="TRUE" value="001"/></topLvl>
		</VectSpatRep>
	</spatRepInfo><eainfo><overview><eaover>This section explains attributes included in the original dataset.&#13;
OBIS-SEAMAP restricts the attributes available to the public to date/time, lat/lon and species names/counts only.&#13;
Should you need other attributes described here, you are encouraged to contact the data provider.</eaover><eadetcit>IFREMER and Kélonia</eadetcit></overview><detailed><attr><attrlabl>oid</attrlabl><attrdef>Unique ID (created by OBIS-SEAMAP)</attrdef></attr><attr><attrlabl>latitude</attrlabl><attrdef>Latitude (decimal degrees)</attrdef></attr><attr><attrlabl>longitude</attrlabl><attrdef>Longitude (decimal degrees)</attrdef></attr><attr><attrlabl>tag_id</attrlabl><attrdef>Tag ID</attrdef></attr><attr><attrlabl>obs_date</attrlabl><attrdef>Date of observation</attrdef></attr><attr><attrlabl>date_time</attrlabl><attrdef>Date and time of observation</attrdef></attr><attr><attrlabl>obs_time</attrlabl><attrdef>Time of observation</attrdef></attr><attr><attrlabl>time_zone</attrlabl><attrdef>Time zone of the obs_time values (always UTC)</attrdef></attr><attr><attrlabl>notes</attrlabl><attrdef></attrdef></attr><attr><attrlabl>obs_count</attrlabl><attrdef>Number of animals sighted (1)</attrdef></attr><attr><attrlabl>age_class</attrlabl><attrdef>Juvenile</attrdef></attr><attr><attrlabl>sp_tsn</attrlabl><attrdef>Species ITIS TSN</attrdef></attr><attr><attrlabl>lc</attrlabl><attrdef>Location class</attrdef></attr><attr><attrlabl>sp_code</attrlabl><attrdef>Species code</attrdef></attr><attr><attrlabl>sp_obs</attrlabl><attrdef>Species observed</attrdef></attr><attr><attrlabl>common</attrlabl><attrdef>Common name of animal</attrdef></attr><attr><attrlabl>provider</attrlabl><attrdef>Data provider</attrdef></attr><attr><attrlabl>owner</attrlabl><attrdef>Data owner</attrdef></attr><attr><attrlabl>beach</attrlabl><attrdef>Beach of tagging location</attrdef></attr><attr><attrlabl>country</attrlabl><attrdef>Country of tagging location</attrdef></attr><attr><attrlabl>cite1</attrlabl><attrdef>Citation</attrdef></attr><attr><attrlabl>geom</attrlabl><attrdef></attrdef></attr></detailed></eainfo><mdDateSt Sync="TRUE">20060815</mdDateSt>
	<dataqual><posacc><horizpa><horizpar></horizpar></horizpa><vertacc><vertaccr></vertaccr></vertacc></posacc><attracc><attraccr></attraccr></attracc><complete></complete></dataqual>
</metadata>
