<?xml version="1.0" encoding="UTF-8"?>
<metadata xml:lang="en">
<Esri>
	<MetaID>{999A9551-D701-4CF5-9373-131D3DD8D969}</MetaID>
	<CreaDate>20050512</CreaDate>
	<CreaTime>19291400</CreaTime>
	<SyncOnce>FALSE</SyncOnce>
	<SyncDate>20060710</SyncDate>
	<SyncTime>17161900</SyncTime>
	<ModDate>20060815</ModDate>
	<ModTime>12091700</ModTime>
</Esri>
<idinfo>
	<keywords><theme><themekt>Platform</themekt><themekey>Radio transmitters</themekey><themekey>Animal movements</themekey></theme></keywords>
	<native Sync="TRUE">Microsoft Windows 2000 Version 5.0 (Build 2195) Service Pack 4; ESRI ArcCatalog 9.1.0.722</native>
	<descript>
	<langdata Sync="TRUE">en</langdata>
	<abstract>A female of &lt;i&gt;Chelonia mydas&lt;/i&gt; was tracked by satellite in the South China Sea in 1993 from the nesting beach to the resident foraging grounds more than 600 km away. The final leg of the journey, 475 km long, directly pinpointed the goal, with the turtle maintaining a constant speed and direction both night and day. This provides clues about the navigational mechanism used.&lt;br&gt;&lt;br&gt;&#13;
&#13;
Four green turtle females were tracked by satellite during their post-reproductive migration in the South China Sea. Three of them reached their feeding grounds 923-1551 km distant. During nesting activity, a female was displaced twice, and her return trips to the nesting beach from ll and 284 km were tracked by a direction-recording data-logger and by satellite, respectively.&#13;
Part of the journeys occurred coastwise, indicating that leading geographical features had been&#13;
utilized. The straightness of the turtles' tracks in open seas, both over shallow and deep waters, and their ability to pinpoint distant targets and home after displacement off their usual routes, provides circumstantial evidence for a true navigation mechanism.</abstract><purpose>The present research reports results of interest for the field of animal navigation which we obtained by satellite tracking green turtles from its nesting beach to its resident grounds about 600 km away. Our tracking study is a part of a research program on the biology and migration of West Malaysian green turtles which is expected to contribute to the conservation of this endangered species.</purpose><supplinf/></descript>
	<citation>
		<citeinfo>
			<geoform Sync="TRUE">vector digital data</geoform>
			<pubinfo>
				<pubplace>http://seamap.env.duke.edu/dataset/975</pubplace>
				<publish>OBIS-SEAMAP</publish>
			</pubinfo>
		<origin>Paolo Luschi, University of Pisa</origin><pubdate>2013-07-25 17:15:31</pubdate><title>Satellite tracked green turtles in the South China Sea 1993-1994</title><ftname>seamap975</ftname><onlink>http://www.biologia.unipi.it/</onlink><edition/><serinfo><sername>OBIS-SEAMAP</sername></serinfo></citeinfo>
	</citation>
	<timeperd><current>ground condition</current><timeinfo><rngdates><begdate>1993-09-23</begdate><enddate>1994-10-24</enddate></rngdates></timeinfo></timeperd>
	<status><progress>Complete</progress><update>None planned</update></status>
	<spdom><bounding><westbc>102.699</westbc><eastbc>117.643</eastbc><northbc>8.22</northbc><southbc>-2.867</southbc></bounding><lboundng><leftbc Sync="TRUE">102.699</leftbc><rightbc Sync="TRUE">117.643</rightbc><bottombc Sync="TRUE">-2.867</bottombc><topbc Sync="TRUE">8.22</topbc></lboundng></spdom>
	<accconst>Open public unless otherwise noted.</accconst>
	<useconst>1. Not to use data contained in OBIS-SEAMAP in any publication, product, or commercial application without prior written consent of the original data provider.&#13;
	&#13;
	2. To cite both the data provider and OBIS-SEAMAP appropriately after approval of use is obtained.&#13;
	&#13;
	3. Not to hold OBIS-SEAMAP liable for errors in the data. While we have made every effort to ensure the quality of the database, we cannot guarantee the accuracy of these datasets.&#13;
	</useconst>
	<natvform Sync="TRUE">Shapefile</natvform>
	
	<ptcontac>
		<cntinfo>
			<cntperp><cntper>Paolo Luschi</cntper><cntorg>University of Pisa</cntorg></cntperp>
			<cntaddr>
				<addrtype>mailing and physical address</addrtype>
			<address>Department of Biology Via Volta 6</address><city>Pisa</city><state/><postal>I-56126</postal><country>Italy</country></cntaddr>
		<cntpos/><cntvoice>0502211376</cntvoice><cntemail>pluschi@biologia.unipi.it</cntemail><cntfax>05024653</cntfax></cntinfo>
	</ptcontac>
<datacred>Paolo Luschi, University of Pisa</datacred><crossref><citeinfo><origin>Papi, F., H.C. Liew, P. Luschi and E.H. Chan</origin><pubdate>1995</pubdate><title>Long-range migratory travel of a green turtle tracked by satellite: Evidence for navigational ability in the open sea</title><onlink>http://link.springer.com/article/10.1007%2FBF00348929#page-1</onlink><serinfo><sername>Marine Biology</sername><issue>122:171-175</issue></serinfo></citeinfo></crossref><crossref><citeinfo><origin>Luschi, P., F. Papi, H.C. Liew, E.H. Chan and F. Bonadonna</origin><pubdate>1996</pubdate><title>Long-distance migration and homing after displacement in the green turtle (&lt;i&gt;Chelonia mydas&lt;/i&gt;): A satellite tracking study </title><onlink>http://link.springer.com/article/10.1007%2FBF00190175#page-1</onlink><serinfo><sername>Journal of Comparative Physiology A</sername><issue>178:447-452</issue></serinfo></citeinfo></crossref><taxonomy><taxonsys><classsys><classcit><citeinfo><origin>Integrated Taxonomic Information System</origin><title>Integrated Taxonomic Information System</title><onlink>http://www.itis.usda.gov/</onlink><othercit>Downloaded April, 2004</othercit></citeinfo></classcit></classsys><ider><cntinfo><cntorgp><cntorg>Refer to the contact information of the dataset</cntorg></cntorgp></cntinfo></ider></taxonsys></taxonomy></idinfo>

<metainfo>
	<langmeta Sync="TRUE">en</langmeta>
	<metstdn Sync="TRUE">FGDC Content Standards for Digital Geospatial Metadata</metstdn>
	<metstdv Sync="TRUE">FGDC-STD-001-1998</metstdv>
	<mettc Sync="TRUE">local time</mettc>
	<metc>
		<cntinfo>
			<cntorgp>
			<cntper>Ei Fujioka</cntper>
			<cntorg>Nicholas School of Environment, Duke University</cntorg>
			</cntorgp>
			<cntaddr><addrtype>mailing and physical address</addrtype><city>Durham</city><state>NC</state><postal>27708</postal><address>A328, LSRC</address><country>USA</country></cntaddr>
			<cntvoice>919-613-8021</cntvoice>
			<cntemail>seamap-contact@duke.edu</cntemail>
		<cntperp><cntper>Connie Kot</cntper><cntorg>Duke University</cntorg></cntperp><cntpos/></cntinfo>
	</metc>
	<metextns><onlink>http://www.nbii.gov/</onlink><metprof>Biological Data Profile</metprof></metextns><metextns><onlink Sync="TRUE">http://www.esri.com/metadata/esriprof80.html</onlink><metprof Sync="TRUE">ESRI Metadata Profile</metprof></metextns>
	<metd>2013-07-25</metd>
</metainfo>

<mdLang><languageCode Sync="TRUE" value="en"/></mdLang>
<mdStanName Sync="TRUE">ISO 19115 Geographic Information - Metadata</mdStanName><mdStanVer Sync="TRUE">DIS_ESRI1.0</mdStanVer><mdChar><CharSetCd Sync="TRUE" value="004"/></mdChar><mdHrLv><ScopeCd Sync="TRUE" value="005"/></mdHrLv><mdHrLvName Sync="TRUE">dataset</mdHrLvName>

<distinfo>
	<resdesc Sync="TRUE">Downloadable Data</resdesc>
	<stdorder>
		<digform>
			<digtinfo>
				<transize Sync="TRUE">0.021</transize>
				<dssize Sync="TRUE">0.021</dssize>
			</digtinfo>
			<digtopt>
				<onlinopt>
					<computer>
						<networka>
							<networkr>OBIS-SEAMAP</networkr>
						</networka>
					</computer>
				</onlinopt>
			</digtopt>
		</digform>
		<fees>Free</fees>
		<ordering>Go to the OBIS-SEAMAP web site and click on [Datasets] tab appearing on upper left.</ordering>
	</stdorder>
	<distrib>
		<cntinfo>
			<cntorgp>
				<cntorg>Nicholas School of Environment, Duke Univ.</cntorg>
				<cntper>OBIS-SEAMAP</cntper>
			</cntorgp>
			<cntaddr>
				<addrtype>mailing and physical address</addrtype>
				<city>Durham</city><state>NC</state><country>USA</country><address>A328, LSRC</address><postal>27708</postal>
			</cntaddr>
			<cntvoice>919-613-8021</cntvoice>
			<cntemail>seamap-contact@duke.edu</cntemail>
		<cntpos/><cntefax/></cntinfo>
	</distrib>

	<distliab>Not to hold OBIS-SEAMAP liable for errors in the data. While we have made every effort to ensure the quality of the database, we cannot guarantee the accuracy of these datasets.&#13;
Also please refer to Use Constraints.&#13;
</distliab>
</distinfo>

	<distInfo>
		<distributor><distorTran>
				<onLineSrc><orDesc Sync="TRUE">002</orDesc>
					<protocol Sync="TRUE">Local Area Network</protocol>
				</onLineSrc>
				<transSize Sync="TRUE">0.021</transSize></distorTran>
			<distorFormat><formatName Sync="TRUE">Shapefile</formatName></distorFormat>
		</distributor></distInfo>
	<spdoinfo><direct Sync="TRUE">Vector</direct><ptvctinf>
		</ptvctinf></spdoinfo>
	<spref><horizsys><cordsysn><geogcsn>GCS_WGS_1984</geogcsn></cordsysn><geograph><geogunit>Decimal degrees</geogunit><latres>0.000167</latres><longres>0.000167</longres></geograph><geodetic><horizdn>D_WGS_1984</horizdn><ellips>WGS_1984</ellips><semiaxis>6378137.000000</semiaxis><denflat>298.257224</denflat></geodetic></horizsys></spref><refSysInfo><RefSystem><refSysID><identCode Sync="TRUE">GCS_WGS_1984</identCode></refSysID></RefSystem></refSysInfo><spatRepInfo><VectSpatRep><topLvl><TopoLevCd Sync="TRUE" value="001"/></topLvl>
		</VectSpatRep>
	</spatRepInfo><eainfo><overview><eaover>This section explains attributes included in the original dataset.&#13;
OBIS-SEAMAP restricts the attributes available to the public to date/time, lat/lon and species names/counts only.&#13;
Should you need other attributes described here, you are encouraged to contact the data provider.</eaover><eadetcit>Paolo Luschi, University of Pisa</eadetcit></overview><detailed><attr><attrlabl>oid</attrlabl><attrdef>Unique ID (created by OBIS-SEAMAP)</attrdef></attr><attr><attrlabl>tag_id</attrlabl><attrdef>Tag ID</attrdef></attr><attr><attrlabl>obs_date</attrlabl><attrdef>Date of observation</attrdef></attr><attr><attrlabl>year</attrlabl><attrdef>Year of observation</attrdef></attr><attr><attrlabl>obs_count</attrlabl><attrdef>Number of animals</attrdef></attr><attr><attrlabl>sp_obs</attrlabl><attrdef>Species observed</attrdef></attr><attr><attrlabl>sp_tsn</attrlabl><attrdef>Species ITIS TSN</attrdef></attr><attr><attrlabl>obs_time</attrlabl><attrdef>Time of observation</attrdef></attr><attr><attrlabl>latitude</attrlabl><attrdef>Latitude of observation</attrdef></attr><attr><attrlabl>longitude</attrlabl><attrdef>Longitude of observation</attrdef></attr><attr><attrlabl>sex</attrlabl><attrdef>Sex of animal</attrdef></attr><attr><attrlabl>age_class</attrlabl><attrdef>Age class of animal (adult or juvenile)</attrdef></attr><attr><attrlabl>body_size</attrlabl><attrdef>Straight carapace length (cm)</attrdef></attr><attr><attrlabl>beach</attrlabl><attrdef>Nesting beach where sea turtle was tagged</attrdef></attr><attr><attrlabl>country</attrlabl><attrdef>Country where sea turtle was tagged</attrdef></attr><attr><attrlabl>cite1</attrlabl><attrdef>Citation</attrdef></attr></detailed></eainfo><mdDateSt Sync="TRUE">20060815</mdDateSt>
	<dataqual><posacc><horizpa><horizpar/></horizpa><vertacc><vertaccr/></vertacc></posacc><attracc><attraccr/></attracc><complete/></dataqual>
</metadata>
