<?xml version="1.0"?>
<metadata><idinfo><datacred>Erin Seney and Andre Landry, Sea Turtle &amp; Fisheries Ecology Research Laboratory, Department of Marine Biology, Texas A&amp;M University at Galveston</datacred><descript><abstract>The Kemp's ridley sea turtle &lt;i&gt;Lepidochelys kempii&lt;/i&gt; is recovering from declines that reduced nesting from a single-day estimate of 10000 to 40000 females in 1947 to &lt;300 during the entire 1985 nesting season. Although beach monitoring is crucial to estimating nesting population size and activity, in-water data are essential for understanding population dynamics, evaluating management strategies, and ensuring the species&#x2019; continued recovery. Fifteen immature and 7 adult female ridleys were fitted with platform terminal transmitters and released off the upper Texas coast during 2004 through 2007. Immature individuals were tracked primarily during warmer months and exhibited preferences for tidal passes, bays, coastal lakes, and nearshore waters, although movement patterns varied among years. Females tracked during their inter-&#xAD;nesting intervals remained in the vicinity of the upper Texas coast and, upon entering the post-nesting stage, moved eastward along the 20 m isobath to foraging areas offshore of central Louisiana. Satellite telemetry indicated that inshore and continental shelf waters of the northwestern Gulf of Mexico serve as developmental, migratory, inter-nesting, and post-nesting habitat for the Kemp&#x2019;s ridley. Projected population growth will likely lead to increased use of the northwestern Gulf by the species and more frequent encounters with human activities. The extent of such anthropogenic interactions and need for mitigation measures should be examined and considered by natural resource managers to facilitate continued recovery of this and other sea turtle species in the Gulf of Mexico. Likewise, research efforts should be continued to better understand seasonal in-water distributions, abundances, population dynamics, and mortality risks to all life history stages.</abstract><purpose>The following research objectives were identified:&lt;br/&gt;&#xD;
(1) to characterize movements of benthic-stage im mature and adult female Kemp&#x2019;s ridleys in the northwestern Gulf of Mexico; and&lt;br/&gt;&#xD;
(2) to identify Kemp's ridley migration patterns and foraging grounds in the northwestern Gulf of Mexico.</purpose><supplinf/></descript><citation><citeinfo><origin>Erin Seney and Andre Landry, Texas A&amp;M</origin><pubdate>2013-05-31 17:15:31</pubdate><title>Movement patterns of Kemp&#x2019;s ridley sea turtles in the northwestern Gulf of Mexico 2004-2007</title><ftname>seamap960</ftname><geoform>vector digital data</geoform><onlink>http://www.tamug.edu/seaturtle/</onlink><edition/><serinfo><sername>OBIS-SEAMAP</sername></serinfo><pubinfo><pubplace>http://seamap.env.duke.edu/dataset/960</pubplace><publish>OBIS-SEAMAP</publish></pubinfo></citeinfo></citation><timeperd><current>ground condition</current><timeinfo><rngdates><begdate>2004-09-21</begdate><enddate>2007-09-17</enddate></rngdates></timeinfo></timeperd><status><progress>Complete</progress><update>None planned</update></status><spdom><bounding><westbc>-96.54</westbc><eastbc>-90.346</eastbc><northbc>30.05</northbc><southbc>28.267</southbc></bounding><lboundng><leftbc>-96.54</leftbc><rightbc>-90.346</rightbc><topbc>30.05</topbc><bottombc>28.267</bottombc></lboundng></spdom><keywords><theme><themekt>Platform</themekt><themekey>Radio transmitters</themekey><themekey>Animal movements</themekey></theme><theme><themekt>User defined</themekt></theme></keywords><accconst>Open public unless otherwise noted.</accconst><useconst>The datasets should be used with the corresponding transects dataset.&#xD;
Not to use data contained in OBIS-SEAMAP in any publication, product, or commercial application without prior written consent of the original data provider.&#xD;
To cite both the data provider and OBIS-SEAMAP appropriately after approval of use is obtained.&#xD;
Also please refer to Distribution Liability.</useconst><natvform>Shapefile</natvform><crossref><citeinfo><origin>Seney, E.E. and A.M. Landry</origin><pubdate>2011</pubdate><title>Movement patterns of immature and adult female Kemp&#x2019;s ridley sea turtles in the northwestern Gulf of Mexico</title><onlink>http://www.int-res.com/abstracts/meps/v440/p241-254/</onlink><serinfo><sername>Marine Ecology Progress Series</sername><issue>440:241-254</issue></serinfo></citeinfo></crossref><crossref><citeinfo><origin>Seney, E.E. and A.M. Landry</origin><pubdate>2008</pubdate><title>Movements of Kemp&#x2019;s ridley sea turtles nesting on the upper Texas coast: Implications for management</title><onlink>http://www.int-res.com/abstracts/esr/v4/n1-2/p73-84/</onlink><serinfo><sername>Endangered Species Research</sername><issue>4:73-84</issue></serinfo></citeinfo></crossref><ptcontac><cntinfo><cntperp><cntper>Erin Seney</cntper><cntorg>Erin Seney Consulting, LLC</cntorg></cntperp><cntpos/><cntaddr><addrtype>mailing and physical address</addrtype><address/><city>Woodbridge</city><state>Virginia</state><postal/><country/></cntaddr><cntvoice/><cntemail>eeseney@gmail.com</cntemail><cntfax/></cntinfo></ptcontac><taxonomy><taxonsys><classsys><classcit><citeinfo><origin>Integrated Taxonomic Information System</origin><title>Integrated Taxonomic Information System</title><onlink>http://www.itis.usda.gov/</onlink><othercit>Downloaded April, 2004</othercit></citeinfo></classcit></classsys><ider><cntinfo><cntorgp><cntorg>Refer to the contact information of the dataset</cntorg></cntorgp></cntinfo></ider></taxonsys></taxonomy></idinfo><distinfo><distrib><cntinfo><cntorgp><cntper>OBIS-SEAMAP</cntper><cntorg>Nicholas School of Environment, Duke Univ.</cntorg></cntorgp><cntpos/><cntaddr><addrtype>mailing and physical address</addrtype><address>A328, LSRC</address><city>Durham</city><state>NC</state><postal>27708</postal><country>USA</country></cntaddr><cntvoice>919-613-8021</cntvoice><cntemail>seamap-contact@duke.edu</cntemail><cntefax/></cntinfo></distrib><distliab>Not to hold OBIS-SEAMAP liable for errors in the data. While we have made every effort to ensure the quality of the database, we cannot guarantee the accuracy of these datasets.&#xD;
Also please refer to Use Constraints.</distliab></distinfo><metainfo><metc><cntinfo><cntperp><cntper>Connie Kot</cntper><cntorg>Duke University</cntorg></cntperp><cntpos/><cntaddr><addrtype>mailing and physical address</addrtype><address>A328, LSRC</address><city>Durham</city><state>NC</state><postal>27708</postal><country>USA</country></cntaddr><cntvoice>919-613-8021</cntvoice><cntemail>seamap-contact@duke.edu</cntemail></cntinfo></metc><metextns><onlink>http://www.nbii.gov/</onlink><metprof>Biological Data Profile</metprof></metextns><metd>2013-05-31</metd><metrd>2013-06-26</metrd></metainfo><dataqual><posacc><horizpa><horizpar/></horizpa><vertacc><vertaccr/></vertacc></posacc><attracc><attraccr/></attracc><complete/></dataqual><eainfo><overview><eadetcit>Erin Seney and Andre Landry, Texas A&amp;M</eadetcit><eaover>The dataset contains information necessary to locate the species sightings observed in the survey. The structure of the dataset was defined by NOAA Southeast Fisheries Science Center. Note that the dataset is a subset of the larger, complete dataset collected in the survey which includes environmental information. The columns before LineNo are applied to the shapefile only. The following information is not included in the dataset but will be found in the master data. For details, please contact NOAA Southeast Fisheries Science Center. Track; Speed; GPS Status; Observers; Wind direction; Weather; Sea state; Swell; Visibility; Turbidity; Sunlight; Water depth; Water color; Water temperature; Sighting angle; Effort status.</eaover></overview><detailed><attr><attrlabl>oid</attrlabl><attrdef>Original ID (created by OBIS-SEAMAP)</attrdef></attr><attr><attrlabl>tag_id</attrlabl><attrdef>PTT#</attrdef></attr><attr><attrlabl>datetime1</attrlabl><attrdef>Original date/time</attrdef></attr><attr><attrlabl>datetime2</attrlabl><attrdef>Formatted date/time</attrdef></attr><attr><attrlabl>obs_date</attrlabl><attrdef>Date of observation</attrdef></attr><attr><attrlabl>obs_time</attrlabl><attrdef>Time of observation</attrdef></attr><attr><attrlabl>sp_tsn</attrlabl><attrdef>Species ITIS TSN</attrdef></attr><attr><attrlabl>sp_obs</attrlabl><attrdef>Species observed</attrdef></attr><attr><attrlabl>latitude</attrlabl><attrdef>Latitude of first position</attrdef></attr><attr><attrlabl>longitude</attrlabl><attrdef>Longitude of first position</attrdef></attr><attr><attrlabl>lat2</attrlabl><attrdef>Latitude of second position</attrdef></attr><attr><attrlabl>lon2</attrlabl><attrdef>Longitude of second position</attrdef></attr><attr><attrlabl>lc</attrlabl><attrdef>Location class</attrdef></attr><attr><attrlabl>iq</attrlabl><attrdef>Quality indicator</attrdef></attr><attr><attrlabl>sex</attrlabl><attrdef>Sex of animal</attrdef></attr><attr><attrlabl>age_class</attrlabl><attrdef>Age class of animal (adult or juvenile)</attrdef></attr><attr><attrlabl>body_size</attrlabl><attrdef>SCL (in cm)</attrdef></attr><attr><attrlabl>country</attrlabl><attrdef>Country animal was tagged</attrdef></attr><attr><attrlabl>beach_name</attrlabl><attrdef>Beach name animal was tagged</attrdef></attr><attr><attrlabl>notes</attrlabl><attrdef>Notes on animal</attrdef></attr><attr><attrlabl>cite1</attrlabl><attrdef>Citation 1</attrdef></attr><attr><attrlabl>cite2</attrlabl><attrdef>Citation 2</attrdef></attr></detailed></eainfo><spref><horizsys><cordsysn><geogcsn>GCS_WGS_1984</geogcsn></cordsysn><geograph><geogunit>Decimal degrees</geogunit><latres>0.000167</latres><longres>0.000167</longres></geograph><geodetic><horizdn>D_WGS_1984</horizdn><ellips>WGS_1984</ellips><semiaxis>6378137.000000</semiaxis><denflat>298.257224</denflat></geodetic></horizsys></spref></metadata>
