<?xml version="1.0" encoding="UTF-8"?>
<metadata xml:lang="en">
<idinfo>
	<citation>
		<citeinfo>
		<origin>University of Eldoret, Kenya</origin><pubdate>20140310</pubdate><title>University of Eldoret satellite tracked green sea turtles from Kenya 2012 under SWIOFP</title><geoform>vector digital data</geoform><serinfo><sername>OBIS-SEAMAP</sername><issue>Latest</issue></serinfo><pubinfo><pubplace>http://seamap.env.duke.edu/dataset/1120</pubplace><publish>OBIS-SEAMAP</publish></pubinfo><onlink>http://www.uoeld.ac.ke/</onlink></citeinfo>
	</citation><descript>
	<abstract>Satellites tracking of marine turtles was done to identify the main feeding sites of marine turtle nesting in Kenya and assess the interaction between marine turtle and industrial fisheries during their migration. Three nesting sea turtles were tracked from a beach in the North coast of Kenya  (-3.83°S, 39.82°E). One of the turtle moved North to a known foraging creek (Takaungu), while another moved to a foraging ground on the South (Gazi). The third turtle just foraged on the near shore reef within where it was tagged.</abstract><purpose>The purpose of the tracking was identify the main feeding sites of marine turtle nesting in Kenya and assess the interaction between marine turtle and industrial fisheries during their migration.</purpose><supplinf>N/A</supplinf></descript><timeperd><timeinfo><rngdates><begdate>20120410</begdate><enddate>20120626</enddate></rngdates></timeinfo><current>ground condition</current></timeperd><status><progress>Complete</progress><update>None planned</update></status><spdom><descgeog>Kenya</descgeog><bounding><westbc>39.50595</westbc><eastbc>40.12404</eastbc><northbc>-3.33357</northbc><southbc>-4.51062</southbc></bounding>
	</spdom><keywords><theme><themekt>None</themekt><themekey>Marine Animal Survey</themekey><themekey>Marine Biology</themekey><themekey>Sea turtles</themekey><themekey>Animal tagging</themekey><themekey>Radio transmitters</themekey></theme><place><placekt>None</placekt><placekey>Kenya</placekey><placekey>East Africa</placekey><placekey>Western Indian Ocean</placekey></place></keywords><taxonomy><keywtax><taxonkt>Taxon covered</taxonkt></keywtax><taxonsys><classsys><classcit><citeinfo><origin>Integrated Taxonomic Information System</origin><pubdate>Unknown</pubdate><title>Integrated Taxonomic Information System</title><geoform>Not applicable</geoform><othercit>Downloaded April, 2004</othercit><onlink>http://www.itis.usda.gov/</onlink></citeinfo></classcit></classsys><ider><cntinfo><cntperp><cntper>Refer to the contact information of the dataset</cntper><cntorg>Refer to the contact information of the dataset</cntorg></cntperp><cntaddr><addrtype>mailing and physical address</addrtype><address>Refer to the contact information of the dataset</address><city>Refer to the contact information of the dataset</city><state>Refer to the contact information of the dataset</state><postal>Refer to the contact information of the dataset</postal><country>Refer to the contact information of the dataset</country></cntaddr><cntvoice>Not provided</cntvoice></cntinfo></ider><taxonpro>Identified by observers or researchers conducting the survey</taxonpro></taxonsys><taxoncl><taxonrn>Kingdom</taxonrn><taxonrv>Animalia</taxonrv><taxoncl><taxonrn>Phylum</taxonrn><taxonrv>Chordata</taxonrv><taxoncl><taxonrn>Subphylum</taxonrn><taxonrv>Vertebrata</taxonrv><taxoncl><taxonrn>Class</taxonrn><taxonrv>Reptilia</taxonrv><taxoncl><taxonrn>Order</taxonrn><taxonrv>Testudines</taxonrv><taxoncl><taxonrn>Family</taxonrn><taxonrv>Cheloniidae</taxonrv><taxoncl><taxonrn>Genus</taxonrn><taxonrv>Chelonia</taxonrv><taxoncl><taxonrn>Species</taxonrn><taxonrv>Chelonia mydas</taxonrv></taxoncl></taxoncl></taxoncl></taxoncl></taxoncl></taxoncl></taxoncl></taxoncl></taxonomy>
	<accconst>Open public unless otherwise noted. See Use Constraints for details.</accconst><useconst>1. Not to use data obtained from OBIS-SEAMAP in any publication, product, or commercial application without proper attribution to the original data provider(s) and OBIS-SEAMAP unless the datasets are explicitly shown under the CC0 policy. Citations or credits are suggested as attribution. If the data you downloaded come from multiple datasets, a citation or credit to each of the datasets is required.

Suggested citation for this dataset:

Machaku, R., M. Dalleau and J. Bourjea. 2014. University of Eldoret satellite tracked green sea turtles from Kenya 2012 under SWIOFP. Data downloaded from OBIS-SEAMAP (http://seamap.env.duke.edu/dataset/1120) on yyyy-mm-dd.

Suggested citation for OBIS-SEAMAP:

Halpin, P.N., A.J. Read, E. Fujioka, B.D. Best, B. Donnelly, L.J. Hazen, C. Kot, K. Urian, E. LaBrecque, A. Dimatteo, J. Cleary, C. Good, L.B. Crowder, and K.D. Hyrenbach. 2009. OBIS-SEAMAP: The world data center for marine mammal, sea bird, and sea turtle distributions. Oceanography 22(2):104-115

2. To forward the citation of any publication / report that made use of the data / tools provided by OBIS-SEAMAP for inclusion in our list of references.

3. Not to hold OBIS-SEAMAP or the original data providers liable for errors in the data. While we have made every effort to ensure the quality of the database, we cannot guarantee the accuracy of these datasets. 

4. The burden for determining fitness for use of the downloaded data for any analyses lies entirely with the user. OBIS-SEAMAP or the original data providers do not support outcomes of your analyses that used the data you downloaded from OBIS-SEAMAP.

5. To consider inclusion of the accompanying transect (effort) dataset if available into the methodology of your analyses.

6. Not to redistribute the data you downloaded from OBIS-SEAMAP through any media without contect from OBIS-SEAMAP and the original data providers unless the datasets are explicitly shown under the CC0 policy.</useconst><ptcontac>
		<cntinfo>
			<cntperp><cntper>Mayeul Dalleau; Jérôme Bourjea; Rose Machaku</cntper><cntorg>Kélonia; Institut Français pour L'Exploitation de la Mer (IFREMER); University of Eldoret, Kenya</cntorg></cntperp>
			<cntaddr>
				<addrtype>mailing and physical address</addrtype>
			<address>46 rue du Général de Gaulle,  ; Rue Jean Bertho, BP 60; 80365-80100</address><city>Saint Leu; Le Port; Mombasa</city><state>La Réunion; La Réunion; n/a</state><postal>97436 ; 97822; n/a</postal><country>France; France; Kenya</country></cntaddr>
		<cntvoice>n/a; 00262 692 65 62 96; +254723855340</cntvoice><cntemail>mayeuldalleau@kelonia.org; jerome.bourjea@ifremer.fr; rosebahati@gmail.com</cntemail></cntinfo>
	</ptcontac><datacred>University of Eldoret, Kenya&#13;
Institut Français pour L'Exploitation de la Mer&#13;
Kélonia</datacred>
	<native>Relational database</native>
	
	
	
	
	
	
	
	
	
	
	<crossref><citeinfo><origin>Halpin, P.N., A.J. Read, E. Fujioka, B.D. Best, B. Donnelly, L.J. Hazen, C. Kot, K. Urian, E. LaBrecque, A. Dimatteo, J. Cleary, C. Good, L.B. Crowder, and K.D. Hyrenbach</origin><pubdate>2009</pubdate><title>OBIS-SEAMAP: The world data center for marine mammal, sea bird, and sea turtle distributions</title><geoform>vector digital data</geoform><serinfo><sername>Oceanography</sername><issue>22(2):104-115</issue></serinfo><onlink>http://www.tos.org/oceanography/article/obis-seamap-the-world-data-center-for-marine-mammal-sea-bird-and-sea-turtle</onlink></citeinfo></crossref></idinfo>
	<dataqual>
		<attracc>
			<attraccr>All attributes were measured and recorded during the survey and validated by the data provider.</attraccr></attracc>
		<logic>Permissible values for date and time and coordinates were validated by the data provider and the OBIS-SEAMAP data manager. Species identification by the data provider was matched with Integrated Taxonomic Information System.</logic>
		<complete>All observation records are included.</complete><lineage><procstep><procdesc>Data were put through the OBIS-SEAMAP data registration steps.</procdesc><procdate>20140310</procdate></procstep></lineage></dataqual><spdoinfo><direct>Point</direct></spdoinfo><spref><horizsys><geograph>
				<latres>1e-05</latres><longres>1e-05</longres><geogunit>Decimal degrees</geogunit></geograph>
			<geodetic><horizdn>D_WGS_1984</horizdn><ellips>WGS_1984</ellips>
				<semiaxis>6378137.000000</semiaxis><denflat>298.257224</denflat></geodetic></horizsys></spref>

<eainfo><detailed><enttyp><enttypl>Biogeographic data</enttypl><enttypd>Biogeographic data</enttypd><enttypds>Not applicable</enttypds></enttyp><attr><attrlabl>oid</attrlabl><attrdef>Unique ID number (generated by OBIS-SEAMAP)</attrdef><attrdefs>Data provider</attrdefs><attrdomv><udom>Unique ID number (generated by OBIS-SEAMAP)</udom></attrdomv></attr><attr><attrlabl>latitude</attrlabl><attrdef>Latitude in decimal degrees</attrdef><attrdefs>Data provider</attrdefs><attrdomv><rdom><rdommin>-4.510620</rdommin><rdommax>-3.333570</rdommax></rdom></attrdomv></attr><attr><attrlabl>longitude</attrlabl><attrdef>Longitude in decimal degrees</attrdef><attrdefs>Data provider</attrdefs><attrdomv><rdom><rdommin>39.505950</rdommin><rdommax>40.124040</rdommax></rdom></attrdomv></attr><attr><attrlabl>tag_id</attrlabl><attrdef>Tag ID</attrdef><attrdefs>Data provider</attrdefs><attrdomv><udom>Tag ID</udom></attrdomv></attr><attr><attrlabl>obs_datetime</attrlabl><attrdef>Date and time of observation in local time calculated by OBIS-SEAMAP</attrdef><attrdefs>Data provider</attrdefs><attrdomv><rdom><rdommin>2012-04-10 05:23:31</rdommin><rdommax>2012-06-26 04:40:06</rdommax></rdom></attrdomv></attr><attr><attrlabl>datetime_utc</attrlabl><attrdef>Date and time of observation in UTC</attrdef><attrdefs>Data provider</attrdefs><attrdomv><rdom><rdommin>2012-04-10 05:23:31</rdommin><rdommax>2012-06-26 04:40:06</rdommax></rdom></attrdomv></attr><attr><attrlabl>lc</attrlabl><attrdef>Location class</attrdef><attrdefs>Data provider</attrdefs><attrdomv><udom>Location class</udom></attrdomv></attr><attr><attrlabl>time_zone</attrlabl><attrdef>Time zone of the datetime_utc values (always UTC)</attrdef><attrdefs>Data provider</attrdefs><attrdomv><udom>Time zone of the datetime_utc values (always UTC)</udom></attrdomv></attr><attr><attrlabl>obs_count</attrlabl><attrdef>Number of animals (always 1)</attrdef><attrdefs>Data provider</attrdefs><attrdomv><rdom><rdommin>1</rdommin><rdommax>1</rdommax></rdom></attrdomv></attr><attr><attrlabl>age_class</attrlabl><attrdef>Age (always Adult)</attrdef><attrdefs>Data provider</attrdefs><attrdomv><udom>Age (always Adult)</udom></attrdomv></attr><attr><attrlabl>sp_tsn</attrlabl><attrdef>Taxonomic Serial Number added by OBIS-SEAMAP</attrdef><attrdefs>Data provider</attrdefs><attrdomv><codesetd><codesetn>Taxonomic Serial Number added by OBIS-SEAMAP</codesetn><codesets>Data provider</codesets></codesetd></attrdomv></attr><attr><attrlabl>sp_obs</attrlabl><attrdef>Species name recorded</attrdef><attrdefs>Data provider</attrdefs><attrdomv><udom>Species name recorded</udom></attrdomv></attr><attr><attrlabl>provider</attrlabl><attrdef>Data provider</attrdef><attrdefs>Data provider</attrdefs><attrdomv><udom>Data provider</udom></attrdomv></attr><attr><attrlabl>owner</attrlabl><attrdef>Data owner</attrdef><attrdefs>Data provider</attrdefs><attrdomv><udom>Data owner</udom></attrdomv></attr><attr><attrlabl>tagging_lat</attrlabl><attrdef>Latitude of tagging location</attrdef><attrdefs>Data provider</attrdefs><attrdomv><rdom><rdommin>-3.835000</rdommin><rdommax>-3.826490</rdommax></rdom></attrdomv></attr><attr><attrlabl>tagging_lon</attrlabl><attrdef>Longitude of tagging location</attrdef><attrdefs>Data provider</attrdefs><attrdomv><rdom><rdommin>39.824560</rdommin><rdommax>39.828240</rdommax></rdom></attrdomv></attr><attr><attrlabl>country</attrlabl><attrdef>Country</attrdef><attrdefs>Data provider</attrdefs><attrdomv><udom>Country</udom></attrdomv></attr><attr><attrlabl>geom</attrlabl><attrdef>Geometry field added by OBIS-SEAMAP</attrdef><attrdefs>Data provider</attrdefs><attrdomv><udom>Geometry field added by OBIS-SEAMAP</udom></attrdomv></attr></detailed><overview><eaover>This section explains attributes included in the original dataset.&#13;
OBIS-SEAMAP restricts the attributes available to the public to date/time, lat/lon and species names/counts only.&#13;
Should you need other attributes described here, you are encouraged to contact the data provider.</eaover><eadetcit>University of Eldoret, Kenya</eadetcit></overview>
	</eainfo><distinfo>
	<distrib>
		<cntinfo>
			<cntorgp>
				<cntorg>Nicholas School of Environment, Duke Univ.</cntorg>
				<cntper>OBIS-SEAMAP</cntper>
			</cntorgp>
			<cntaddr>
				<addrtype>mailing and physical address</addrtype>
				<address>A328, LSRC</address><city>Durham</city><state>NC</state><postal>27708</postal><country>USA</country>
			</cntaddr>
			<cntvoice>919-613-8021</cntvoice>
			<cntemail>seamap-contact@duke.edu</cntemail>
		</cntinfo>
	</distrib><resdesc>OBIS-SEAMAP Dataset ID 1120</resdesc><distliab>Not to hold OBIS-SEAMAP liable for errors in the data. While we have made every effort to ensure the quality of the database, we cannot guarantee the accuracy of these datasets.&#13;
Also please refer to Use Constraints.</distliab>
	<stdorder>
		<digform>
			<digtinfo>
				<formname>CSV and ESRI shapefile</formname></digtinfo>
			<digtopt>
				<onlinopt>
					<computer>
						<networka>
							<networkr>OBIS-SEAMAP</networkr>
						</networka>
					</computer>
				</onlinopt>
			</digtopt>
		</digform>
		<fees>Free</fees>
		<ordering>Go to the OBIS-SEAMAP web site.</ordering>
	</stdorder>
	

	
</distinfo><metainfo>
	<metd>20140311</metd><metrd>20140311</metrd><metc>
		<cntinfo><cntperp>
	<cntper>Ei Fujioka</cntper>
	<cntorg>Nicholas School, Duke University</cntorg></cntperp><cntaddr><addrtype>mailing and physical address</addrtype><address>A328, LSRC</address><city>Durham</city><state>NC</state><postal>27708</postal><country>USA</country></cntaddr>
			<cntvoice>919-613-8021</cntvoice>
			<cntemail>seamap-contact@duke.edu</cntemail>
			</cntinfo>
	</metc><metstdn>FGDC Content Standards for Digital Geospatial Metadata</metstdn><metstdv>FGDC-STD-001-1998</metstdv><mettc>local time</mettc>
	
	
	
	
	<metextns><onlink>http://www.nbii.gov/</onlink><metprof>Biological Data Profile</metprof></metextns>
	
	</metainfo>
	
</metadata>
