<?xml version="1.0" encoding="UTF-8"?>
<!DOCTYPE xml>
<metadata xml:lang="en">
<idinfo>
	<citation>
		<citeinfo><origin>Halpin, P.N., A.J. Read, E. Fujioka, B.D. Best, B. Donnelly, L.J. Hazen, C. Kot, K. Urian, E. LaBrecque, A. Dimatteo, J. Cleary, C. Good, L.B. Crowder, and K.D. Hyrenbach</origin><pubdate>2009</pubdate><title>OBIS-SEAMAP: The world data center for marine mammal, sea bird, and sea turtle distributions</title><serinfo><sername>Oceanography</sername><issue>22(2):104-115</issue></serinfo><onlink>http://www.tos.org/oceanography/article/obis-seamap-the-world-data-center-for-marine-mammal-sea-bird-and-sea-turtle</onlink></citeinfo>
	</citation><descript>
	<abstract>Marine turtles are integral components of the Arabian region marine ecosystems, and a priority conservation component of national and regional conservation programmes. Sea turtles are protected in all countries bordering the Arabian Gulf and the Gulf of Oman, and are a priority species in Emirates Nature-WWF's Strategy 2015-2020, as well as WWF’s Global Marine Turtle Strategy 2012-2020 (WWF, 2012).&#13;
&#13;
Turtles are in danger from accidental bycatch of juveniles and adults in fishing operations, marine habitat alteration and degradation, exploitation of eggs, loss of nesting beaches, and potentially through rising temperatures with climate change. Younger turtles are also impacted by cold-stunning events during winter months.&#13;
&#13;
A small number of protected areas exist which encompass certain life stages of sea turtles in the Gulf region, but these are spatially-limited given the state of knowledge on turtle habitat use - we have little information on where green turtles migrate to following nesting areas, and where key foraging and development grounds are found.&#13;
&#13;
The Gulf Green Turtle Project will allow us to decipher the migration paths of green sea turtles, as these comprise the most abundant turtle species in the inner Gulf region and the second most abundant in Oman, and will identify linkages between foraging and nesting populations within the important Gulf biogeographic region, allowing us to guide conservation actions and raise awareness of the importance of marine turtle populations.&#13;
&#13;
Data resulting from this work will inform managers of critical in–water habitats utilised by Arabian turtles, and allow them to aim concerted conservation activities, including fishery regulation where applicable, to preserve turtles through all phases of their live cycle.</abstract><purpose>Please contact data provider</purpose><supplinf>[2023-01-27] Additional 48 tags were appended.&#13;
&#13;
This project is implemented by Emirates Nature - WWF, formerly known as Emirates Wildlife Society-WWF, with scientific advice from the Marine Research Foundation (MRF).&#13;
&#13;
The data is also available at the STAT web site (http://www.seaturtle.org/tracking/?project_id=1199) but this version is different as the data shared with OBIS-SEAMAP was filtered by the provider.</supplinf></descript><timeperd><timeinfo><rngdates><begdate>20160516</begdate><enddate>20191017</enddate></rngdates></timeinfo><current>ground condition</current></timeperd><status><progress>Complete</progress><update>None planned</update></status><spdom><descgeog>Bu Tinah</descgeog><bounding><westbc>39.908</westbc><eastbc>69.449</eastbc><northbc>26.798</northbc><southbc>12.553</southbc></bounding>
	</spdom><keywords><theme><themekt>None</themekt><themekey>Marine Animal Survey</themekey><themekey>Marine Biology</themekey><themekey>Sea turtles</themekey><themekey>Visual Sighting</themekey><themekey>Radio transmitters</themekey></theme><place><placekt>None</placekt><placekey>Bu Tinah</placekey></place></keywords><taxonomy><keywtax><taxonkt>Taxon covered</taxonkt><taxonkey>Sea turtles</taxonkey></keywtax><taxonsys><classsys><classcit><citeinfo><origin>Integrated Taxonomic Information System</origin><pubdate>Unknown</pubdate><title>Integrated Taxonomic Information System</title><geoform>Not applicable</geoform><othercit>Downloaded April, 2004</othercit><onlink>http://www.itis.usda.gov/</onlink></citeinfo></classcit></classsys><ider><cntinfo><cntperp><cntper>Refer to the contact information of the dataset</cntper><cntorg>Refer to the contact information of the dataset</cntorg></cntperp><cntaddr><addrtype>mailing and physical address</addrtype><address>Refer to the contact information of the dataset</address><city>Refer to the contact information of the dataset</city><state>Refer to the contact information of the dataset</state><postal>Refer to the contact information of the dataset</postal><country>Refer to the contact information of the dataset</country></cntaddr><cntvoice>Not provided</cntvoice></cntinfo></ider><taxonpro>Identified by observers or researchers conducting the survey</taxonpro></taxonsys><taxoncl><taxonrn>Kingdom</taxonrn><taxonrv>Animalia</taxonrv><taxoncl><taxonrn>Phylum</taxonrn><taxonrv>Chordata</taxonrv><taxoncl><taxonrn>Subphylum</taxonrn><taxonrv>Vertebrata</taxonrv><taxoncl><taxonrn>Class</taxonrn><taxonrv>Reptilia</taxonrv><taxoncl><taxonrn>Order</taxonrn><taxonrv>Testudines</taxonrv><taxoncl><taxonrn>Suborder</taxonrn><taxonrv>Cryptodira</taxonrv><taxoncl><taxonrn>Superfamily</taxonrn><taxonrv>Chelonioidea</taxonrv><taxoncl><taxonrn>Family</taxonrn><taxonrv>Cheloniidae</taxonrv><taxoncl><taxonrn>Subfamily</taxonrn><taxonrv>Cheloniinae</taxonrv><taxoncl><taxonrn>Genus</taxonrn><taxonrv>Chelonia</taxonrv><taxoncl><taxonrn>Species</taxonrn><taxonrv>Chelonia mydas</taxonrv></taxoncl></taxoncl></taxoncl></taxoncl></taxoncl></taxoncl></taxoncl></taxoncl></taxoncl></taxoncl></taxoncl></taxonomy>
	<accconst>Open public unless otherwise noted. See Use Constraints for details.</accconst>
	<useconst>1. Not to use data obtained from OBIS-SEAMAP in any publication, product, or commercial application without proper attribution to the original data provider(s) and OBIS-SEAMAP unless the datasets are explicitly shown under the CC0 policy. Citations or credits are suggested as attribution. If the data you downloaded come from multiple datasets, a citation or credit to each of the datasets is required.&#13;
&#13;
Suggested citation for this dataset:&#13;
&#13;
&#13;
&#13;
Suggested citation for OBIS-SEAMAP:&#13;
&#13;
Halpin, P.N., A.J. Read, E. Fujioka, B.D. Best, B. Donnelly, L.J. Hazen, C. Kot, K. Urian, E. LaBrecque, A. Dimatteo, J. Cleary, C. Good, L.B. Crowder, and K.D. Hyrenbach. 2009. OBIS-SEAMAP: The world data center for marine mammal, sea bird, and sea turtle distributions. Oceanography 22(2):104-115&#13;
&#13;
2. To forward the citation of any publication / report that made use of the data / tools provided by OBIS-SEAMAP for inclusion in our list of references.&#13;
&#13;
3. Not to hold OBIS-SEAMAP or the original data providers liable for errors in the data. While we have made every effort to ensure the quality of the database, we cannot guarantee the accuracy of these datasets. &#13;
&#13;
4. The burden for determining fitness for use of the downloaded data for any analyses lies entirely with the user. OBIS-SEAMAP or the original data providers do not support outcomes of your analyses that used the data you downloaded from OBIS-SEAMAP.&#13;
&#13;
5. To consider inclusion of the accompanying transect (effort) dataset if available into the methodology of your analyses.&#13;
&#13;
6. Not to redistribute the data you downloaded from OBIS-SEAMAP through any media without contect from OBIS-SEAMAP and the original data providers unless the datasets are explicitly shown under the CC0 policy.</useconst>
	<ptcontac>
		<cntinfo>
			<cntperp><cntper>Nicolas Pilcher</cntper><cntorg>Marine Research Foundation</cntorg></cntperp>
			<cntaddr>
				<addrtype>mailing and physical address</addrtype>
			<state>Sabah</state><country>Malaysia</country><address>136 Lorong Pokok Seraya 2</address><city>Kota Kinabalu</city><postal>88450</postal></cntaddr>
		<cntvoice>6088244089</cntvoice><cntemail>npilcher@mrf-asia.org</cntemail></cntinfo>
	</ptcontac><datacred>Nicolas Pilcher, Marine Research Foundation</datacred>
	<native>Relational database</native>
	<crossref><citeinfo><origin>Pilcher NJ, CJ Rodriguez-Zarate, MA Antonopoulou, D Mateos-Molina, HS Das &amp; I Bugla</origin><pubdate>2020</pubdate><title>Combining laparoscopy and satellite tracking: successful round-trip tracking of female green turtles from feeding areas to nesting grounds and back</title><geoform>vector digital data</geoform><serinfo><sername>Global Ecology &amp; Conservation</sername><issue>doi: 10.1016/j.gecco.2020.e01169</issue></serinfo></citeinfo></crossref><crossref><citeinfo><origin>Halpin, P.N., A.J. Read, E. Fujioka, B.D. Best, B. Donnelly, L.J. Hazen, C. Kot, K. Urian, E. LaBrecque, A. Dimatteo, J. Cleary, C. Good, L.B. Crowder, and K.D. Hyrenbach</origin><pubdate>2009</pubdate><title>OBIS-SEAMAP: The world data center for marine mammal, sea bird, and sea turtle distributions</title><geoform>vector digital data</geoform><serinfo><sername>Oceanography</sername><issue>22(2):104-115</issue></serinfo><onlink>http://www.tos.org/oceanography/article/obis-seamap-the-world-data-center-for-marine-mammal-sea-bird-and-sea-turtle</onlink></citeinfo></crossref></idinfo>
	<dataqual>
		<attracc>
			<attraccr>All attributes were measured and recorded during the survey and validated by the data provider.</attraccr></attracc>
		<logic>Permissible values for date and time and coordinates were validated by the data provider and the OBIS-SEAMAP data manager. Species identification by the data provider was matched with Integrated Taxonomic Information System.</logic>
		<complete>All observation records are included.</complete><lineage><procstep><procdesc>Data were put through the OBIS-SEAMAP data registration steps.</procdesc><procdate>20230130</procdate></procstep></lineage></dataqual><spdoinfo><direct>Point</direct></spdoinfo><spref><horizsys><geograph>
				<latres>0.001</latres><longres>0.001</longres><geogunit>Decimal degrees</geogunit></geograph>
			<geodetic><horizdn>D_WGS_1984</horizdn><ellips>WGS_1984</ellips>
				<semiaxis>6378137.000000</semiaxis><denflat>298.257224</denflat></geodetic></horizsys></spref>

<eainfo><detailed><enttyp><enttypl>Biogeographic data</enttypl><enttypd>Biogeographic data</enttypd><enttypds>Not applicable</enttypds></enttyp><attr><attrlabl>oid</attrlabl><attrdef>Unique ID number (generated by OBIS-SEAMAP)</attrdef><attrdefs>Data provider</attrdefs><attrdomv><udom>Unique ID number (generated by OBIS-SEAMAP)</udom></attrdomv></attr><attr><attrlabl>uid</attrlabl><attrdef>Unique ID</attrdef><attrdefs>Data provider</attrdefs><attrdomv><rdom><rdommin>12521075</rdommin><rdommax>16357156</rdommax></rdom></attrdomv></attr><attr><attrlabl>tag</attrlabl><attrdef>Tag ID</attrdef><attrdefs>Data provider</attrdefs><attrdomv><rdom><rdommin>160228</rdommin><rdommax>170131</rdommax></rdom></attrdomv></attr><attr><attrlabl>datetime</attrlabl><attrdef>Date/time of the location at UTC</attrdef><attrdefs>Data provider</attrdefs><attrdomv><rdom><rdommin>2016-05-16 06:54:00</rdommin><rdommax>2019-10-17 05:37:00</rdommax></rdom></attrdomv></attr><attr><attrlabl>lc</attrlabl><attrdef>Location control</attrdef><attrdefs>Data provider</attrdefs><attrdomv><rdom><rdommin>-2</rdommin><rdommax>3</rdommax></rdom></attrdomv></attr><attr><attrlabl>lat1</attrlabl><attrdef>Latitude in decimal degrees</attrdef><attrdefs>Data provider</attrdefs><attrdomv><rdom><rdommin>12.5530</rdommin><rdommax>26.7980</rdommax></rdom></attrdomv></attr><attr><attrlabl>lon1</attrlabl><attrdef>Longitude in decimal degrees</attrdef><attrdefs>Data provider</attrdefs><attrdomv><rdom><rdommin>39.9080</rdommin><rdommax>69.4490</rdommax></rdom></attrdomv></attr><attr><attrlabl>species</attrlabl><attrdef>Species name</attrdef><attrdefs>Data provider</attrdefs><attrdomv><udom>Species name</udom></attrdomv></attr><attr><attrlabl>sp_tsn</attrlabl><attrdef>Taxonomic Serial Number added by OBIS-SEAMAP</attrdef><attrdefs>Data provider</attrdefs><attrdomv><codesetd><codesetn>Taxonomic Serial Number added by OBIS-SEAMAP</codesetn><codesets>Data provider</codesets></codesetd></attrdomv></attr><attr><attrlabl>obs_count</attrlabl><attrdef>Number of animal. Always 1</attrdef><attrdefs>Data provider</attrdefs><attrdomv><rdom><rdommin>1</rdommin><rdommax>1</rdommax></rdom></attrdomv></attr><attr><attrlabl>tag_location</attrlabl><attrdef>Tag location (BT: Bu Tinah; RAK: ...)</attrdef><attrdefs>Data provider</attrdefs><attrdomv><udom>Tag location (BT: Bu Tinah; RAK: ...)</udom></attrdomv></attr><attr><attrlabl>sex</attrlabl><attrdef>Sex</attrdef><attrdefs>Data provider</attrdefs><attrdomv><udom>Sex</udom></attrdomv></attr><attr><attrlabl>geom</attrlabl><attrdef>Geometry field added by OBIS-SEAMAP</attrdef><attrdefs>Data provider</attrdefs><attrdomv><udom>Geometry field added by OBIS-SEAMAP</udom></attrdomv></attr></detailed><overview><eaover>This section explains attributes included in the original dataset.&#13;
OBIS-SEAMAP restricts the attributes available to the public to date/time, lat/lon and species names/counts only.&#13;
Should you need other attributes described here, you are encouraged to contact the data provider.</eaover><eadetcit>Nicolas Pilcher, Marine Research Foundation &amp; Marina Antonopoulou, Emirates Nature WWF</eadetcit></overview>
	</eainfo><distinfo>
	<distrib>
		<cntinfo>
			<cntorgp>
				<cntorg>Nicholas School of Environment, Duke Univ.</cntorg>
				<cntper>OBIS-SEAMAP</cntper>
			</cntorgp>
			<cntaddr>
				<addrtype>mailing and physical address</addrtype>
				<address>A328, LSRC</address><city>Durham</city><state>NC</state><postal>27708</postal><country>USA</country>
			</cntaddr>
			<cntvoice>919-613-8021</cntvoice>
			<cntemail>seamap-contact@duke.edu</cntemail>
		</cntinfo>
	</distrib><resdesc>OBIS-SEAMAP Dataset ID 2069</resdesc><distliab>Not to hold OBIS-SEAMAP liable for errors in the data. While we have made every effort to ensure the quality of the database, we cannot guarantee the accuracy of these datasets.&#13;
Also please refer to Use Constraints.</distliab>
	<stdorder>
		<digform>
			<digtinfo>
				<formname>CSV and ESRI shapefile</formname></digtinfo>
			<digtopt>
				<onlinopt>
					<computer>
						<networka>
							<networkr>OBIS-SEAMAP</networkr>
						</networka>
					</computer>
				</onlinopt>
			</digtopt>
		</digform>
		<fees>Free</fees>
		<ordering>Go to the OBIS-SEAMAP web site.</ordering>
	</stdorder>
	

	
</distinfo><metainfo>
	<metd>20230130</metd><metrd>20230130</metrd><metc>
		<cntinfo><cntperp>
	<cntper>Ei Fujioka</cntper>
	<cntorg>Nicholas School, Duke University</cntorg></cntperp><cntaddr><addrtype>mailing and physical address</addrtype><address>A328, LSRC</address><city>Durham</city><state>NC</state><postal>27708</postal><country>USA</country></cntaddr>
			<cntvoice>919-613-8021</cntvoice>
			<cntemail>seamap-contact@duke.edu</cntemail>
			</cntinfo>
	</metc><metstdn>FGDC Content Standards for Digital Geospatial Metadata</metstdn><metstdv>FGDC-STD-001-1998</metstdv><mettc>local time</mettc>
	
	
	
	
	<metextns><onlink>http://www.nbii.gov/</onlink><metprof>Biological Data Profile</metprof></metextns>
	
	</metainfo>
	
</metadata>
