<?xml version="1.0" encoding="UTF-8"?>
<metadata xml:lang="en">
<idinfo>
	<citation>
		<citeinfo><origin>Pilcher N</origin><pubdate>2017</pubdate><title>Identification of Important Turtle Areas for green turtles in the Sulu Sulawesi Marine Ecoregion</title><onlink>http://seamap.env.duke.edu/dataset/1300</onlink><serinfo><sername>OBIS-SEAMAP</sername><issue>1300</issue></serinfo><pubinfo><pubplace>http://seamap.env.duke.edu/dataset/1300</pubplace><publish>OBIS-SEAMAP</publish></pubinfo><geoform>vector digital data</geoform><othercit>originated from Satellite Tracking and Analysis Tool (STAT; http://www.seaturtle.org/tracking/index.shtml?project_id=1114)</othercit></citeinfo>
	</citation><descript>
	<abstract>Marine turtles are important components of the Sulu-Sulawesi Marine Ecoregion, (SSME). Green turtles are important for maintaining healthy seagrass beds and coral reefs. Without constant grazing, seagrass beds may become overgrown, obstructing currents, shading the bottom, or decomposing. Seagrass beds in turn are nurseries for a number of species of commercial fish and crustaceans, including shrimp. On coral reefs, green turtles crop algae that can compete with corals. Hawksbill turtles control the population of sponges in coral reefs, which can easily out-compete corals for the same space. Through selective foraging, hawksbill turtles are able to impact the overall reef diversity. Leatherback turtles eat large quantities amounts of jellyfish, helping to keep their populations under control. Jellyfish prey on larval fish, many species of which are economically important to humans. Loggerhead turtles are known to help recirculate sediments on the seabed and distribute nutrients while they search for, and feed on, crustaceans and molluscs. On the beach, unhatched eggs, trapped hatchlings, and egg shells provide nutrients for beach vegetation, which secures the sand via root development. The loss of beach vegetation can lead to erosion, minimizing sea turtle nesting habitat, among others, but also reducing coastal resilience.&lt;br&gt;&lt;br&gt;These same, ecologically important, marine turtles are threatened through ongoing egg harvests, poaching of adults by foreign fishing fleets, and as by-catch in shrimp and fish trawl fisheries. Work by the Marine Research Foundation (www.mrf-asia.org) estimated bycatch of turtles from the Sabah shrimp fleets alone at several thousand turtles each year. Recent reports by the Palawan Council for Sustainable Development and the Biodiversity Management Bureau (Philippines) have recorded several instances where Chinese fishing vessels have been apprehended with hundreds of adult and large juvenile turtles, and poaching in Malaysia and in Indonesia is on the rise. Another cause for concern lies a continued lack of knowledge of the biology and ecology of the turtles in many parts of the SSME - turtles spend 98% of their time at sea, but virtually all conservation efforts in the SSME only occur on land. &lt;br&gt;&lt;br&gt;The conservation of sea turtles is thus a key priority in the SSME. Sulu-Sulawesi turtles are recognised at both National and Regional levels, and even globally: turtles are similarly a priority under the Indian Ocean and Southeast Asia Memorandum of Understanding on the Conservation of Sea Turtles and their Habitats (IOSEA MoU), the Coral Reef Triangle (CTI) Regional Action Plan, and the Association of Southeast Asian Nations (ASEAN) Sea Turtle MoU. At the National level sea turtles are completely protected in all three countries bordering the SSME. The Convention on International Trade in Endangered Species of Flora and Fauna (CITES) lists marine turtles occurring in the Turtle Islands Heritage Protected Area (TIHPA) on Appendix I, while the World Conservation Union (IUCN) lists the green turtle as Endangered, and the hawksbill as Critically Endangered. The turtles nesting in the TIHPA area were included in the top-ten priority listing for conservation by the IUCN Marine Turtle Specialist Group, and as such are among priority focus areas of this conservation initiative.&lt;br&gt;&lt;br&gt;A network of protected areas to enhance sea turtle conservation in the Sulu Sulawesi was endorsed by Indonesia, Malaysia and the Philippines in 2010. The network was designed to link nesting turtles with development grounds, migration corridors and adult feeding grounds. Within the network, the most important nesting site for green and hawksbill turtles is the Turtle Islands Heritage Protected Area (TIHPA), a complex of nine islands shared by Malaysia and the Philippines. Thousands of turtles come to lay eggs on these islands each year, and they represent a valuable food and tourism commodity to local people and governments. &lt;br&gt;But tailored conservation action relies on a thorough understanding of turtle population biology and ecology. One needs to know where turtles are in order to protect them. We need to know where they go as they disperse from nesting beaches, and where they grow up. We need to understand the relationship between nesting adults and developing populations, in order to understand the linkages among the various stocks. &lt;br&gt;&lt;br&gt;This project entails four inter-linked components to further the understanding of the biology and ecology of sea turtles in the SSME, upon which National policy decisions and the expansion of the Tri-National Network of Protected Areas may be based. Each component addresses critical biological and reproductive traits of turtles which have previously not been studied in the SSME, and together they form a cohesive research programme which complements National projects within the Sulu Sulawesi Tri-National Sea Turtle Corridor initiative.&lt;br&gt;&lt;br&gt;We are conducting laparoscopy and genetic studies to determine population structure through mixed stock analysis; tracking studies of post nesting female to determine foraging ground locations (this project component), and determining temporal habitat use in key foraging grounds in the SSME via aerial surveys.&lt;br&gt;&lt;br&gt;This project component will allow us to decipher the migration paths of marine turtles and linkages between foraging and nesting populations within the important Sulu-Sulawesi biogeographic region, and to raise awareness of the importance of marine turtle populations, and will track twenty post-nesting adult turtles as they depart from their nesting sites to determine the location of subsequent feeding zones and migratory routes using satellite technology. &lt;br&gt;&lt;br&gt;Data resulting from this work will inform managers of critical in–water habitats utilised by SSME turtles, and allow them to aim concerted conservation activities, including fishery regulation where applicable, to preserve turtles through all phases of their live cycle.</abstract><supplinf>Visit STAT's project page for additional information at http://www.seaturtle.org/tracking/index.shtml?project_id=1114</supplinf></descript><timeperd><timeinfo><rngdates><begdate>20150705</begdate><enddate>20161120</enddate></rngdates></timeinfo><current>ground condition</current></timeperd><status><progress>Complete</progress><update>As needed</update></status><spdom><descgeog>Ocean</descgeog><bounding><westbc>84.699</westbc><eastbc>154.955</eastbc><northbc>14.739</northbc><southbc>-1.559</southbc></bounding>
	</spdom><keywords><theme><themekt>None</themekt><themekey>Marine Biology</themekey></theme></keywords><taxonomy><keywtax><taxonkt>Taxon covered</taxonkt><taxonkey>Sea turtles</taxonkey></keywtax><taxonsys><classsys><classcit><citeinfo><origin>Integrated Taxonomic Information System</origin><pubdate>Unknown</pubdate><title>Integrated Taxonomic Information System</title><geoform>Not applicable</geoform><othercit>Downloaded April, 2004</othercit><onlink>http://www.itis.usda.gov/</onlink></citeinfo></classcit></classsys><ider><cntinfo><cntperp><cntper>Refer to the contact information of the dataset</cntper><cntorg>Refer to the contact information of the dataset</cntorg></cntperp><cntaddr><addrtype>mailing and physical address</addrtype><address>Refer to the contact information of the dataset</address><city>Refer to the contact information of the dataset</city><state>Refer to the contact information of the dataset</state><postal>Refer to the contact information of the dataset</postal><country>Refer to the contact information of the dataset</country></cntaddr><cntvoice>Not provided</cntvoice></cntinfo></ider><taxonpro>Identified by observers or researchers conducting the survey</taxonpro></taxonsys><taxoncl><taxonrn>Kingdom</taxonrn><taxonrv>Animalia</taxonrv><taxoncl><taxonrn>Phylum</taxonrn><taxonrv>Chordata</taxonrv><taxoncl><taxonrn>Subphylum</taxonrn><taxonrv>Vertebrata</taxonrv><taxoncl><taxonrn>Class</taxonrn><taxonrv>Reptilia</taxonrv><taxoncl><taxonrn>Order</taxonrn><taxonrv>Testudines</taxonrv><taxoncl><taxonrn>Suborder</taxonrn><taxonrv>Cryptodira</taxonrv><taxoncl><taxonrn>Superfamily</taxonrn><taxonrv>Chelonioidea</taxonrv><taxoncl><taxonrn>Family</taxonrn><taxonrv>Cheloniidae</taxonrv><taxoncl><taxonrn>Subfamily</taxonrn><taxonrv>Cheloniinae</taxonrv><taxoncl><taxonrn>Genus</taxonrn><taxonrv>Chelonia</taxonrv><taxoncl><taxonrn>Species</taxonrn><taxonrv>Chelonia mydas</taxonrv></taxoncl></taxoncl></taxoncl></taxoncl></taxoncl></taxoncl></taxoncl></taxoncl></taxoncl></taxoncl></taxoncl></taxonomy>
	<accconst>The telemetry dataset is publicly visualized on the OBIS-SEAMAP web site. However, the data is not available for download without permission from the data provider.</accconst><useconst>1. Not to use data obtained from OBIS-SEAMAP in any publication, product, or commercial application without proper attribution to the original data provider(s) and OBIS-SEAMAP unless the datasets are explicitly shown under the CC0 policy. Citations or credits are suggested as attribution. If the data you downloaded come from multiple datasets, a citation or credit to each of the datasets is required.

Suggested citation for this dataset:

Pilcher N. 2017. Identification of Important Turtle Areas for green turtles in the Sulu Sulawesi Marine Ecoregion. Data downloaded from OBIS-SEAMAP (http://seamap.env.duke.edu/dataset/1300) on yyyy-mm-dd and originated from Satellite Tracking and Analysis Tool (STAT; http://www.seaturtle.org/tracking/index.shtml?project_id=1114)

Suggested citation for STAT:

Coyne, M. S., and B. J. Godley. 2005. Satellite Tracking and Analysis Tool (STAT): an integrated system for archiving, analyzing and mapping animal tracking data. Marine Ecology Progress Series. Vol. 301: 1-7

Suggested citation for OBIS-SEAMAP:

Halpin, P.N., A.J. Read, E. Fujioka, B.D. Best, B. Donnelly, L.J. Hazen, C. Kot, K. Urian, E. LaBrecque, A. Dimatteo, J. Cleary, C. Good, L.B. Crowder, and K.D. Hyrenbach. 2009. OBIS-SEAMAP: The world data center for marine mammal, sea bird, and sea turtle distributions. Oceanography 22(2):104-115

2. To forward the citation of any publication / report that made use of the data / tools provided by OBIS-SEAMAP for inclusion in our list of references.

3. Not to hold OBIS-SEAMAP or the original data providers liable for errors in the data. While we have made every effort to ensure the quality of the database, we cannot guarantee the accuracy of these datasets. 

4. The burden for determining fitness for use of the downloaded data for any analyses lies entirely with the user. OBIS-SEAMAP or the original data providers do not support outcomes of your analyses that used the data you downloaded from OBIS-SEAMAP.

5. To consider inclusion of the accompanying transect (effort) dataset if available into the methodology of your analyses.

6. Not to redistribute the data you downloaded from OBIS-SEAMAP through any media without contect from OBIS-SEAMAP and the original data providers unless the datasets are explicitly shown under the CC0 policy.</useconst><ptcontac>
		<cntinfo>
			<cntperp><cntper>Nicolas Pilcher</cntper><cntorg>Marine Research Foundation - Marine Turtle Programme</cntorg></cntperp>
			<cntaddr>
				<addrtype>mailing and physical address</addrtype>
			</cntaddr>
		<cntvoice>unknown</cntvoice><cntemail>npilcher@mrf-asia.org</cntemail></cntinfo>
	</ptcontac><datacred>Data provider: Marine Research Foundation - Marine Turtle Programme; Originating data center: Satellite Tracking and Analysis Tool (STAT); Project sponsor or sponsor description: The Deutsche Gesellschaft für Internationale Zusammenarbeit (GIZ) has been implementing projects to promote economic, ecological and social development in the Philippines on behalf of the German Government since the 1970s. Our main commissioning parties are the German Federal Ministry for Economic Cooperation and Development (BMZ) and the German Federal Ministry for the Environment, Nature Conservation, Building and Nuclear Safety (BMUB). Commissions also come from international clients including the European Union, the Asian Development Bank and AusAID.&lt;br&gt;&lt;br&gt;Our work in the Philippines concentrates on the areas of peace and security, the environment, rural development and climate change. Several regional programmes are also based in the Philippines and are managed by GIZ from Manila. These include programmes supporting biodiversity conservation in the ASEAN area. One of these is the Sulu Sulawesi Marine Ecoregion project.&lt;br&gt;&lt;br&gt;Only a few regions in the world are as rich in species as the Sulu-Sulawesi Marine Ecoregion (SSME). It is part of the Coral Triangle region in the Pacific that spans a total of 640 million hectares between Indonesia, Malaysia, Timor-Leste, Papua New Guinea, the Philippines and the Solomon Islands. The natural resources of the region are exposed to considerable risk as a result of severe over-exploitation due to population growth, destructive fishing practices, rapid coastal development and other human activities. This situation is further exacerbated by climate change and its impacts, such as the rise in water temperatures and sea level, ocean acidification and an increase in the intensity and frequency of storms. &lt;br&gt;&lt;br&gt;The action plan of the SSME states of Indonesia, Malaysia and the Philippines highlights the global importance and unique nature of the marine region in terms of biodiversity and natural resources.</datacred>
	<native>Relational database</native>
	
	
	
	
	
	
	
	
	
	
	<crossref><citeinfo><origin>Coyne, M. S., and B. J. Godley</origin><pubdate>2005</pubdate><title>OBIS-SEAMAP: The world data center for marine mammal, sea bird, and sea turtle distributions</title><geoform>vector digital data</geoform><serinfo><sername>Marine Ecology Progress Series</sername><issue>Vol. 301: 1-7</issue></serinfo><onlink>http://www.int-res.com/abstracts/meps/v301/feature/</onlink></citeinfo></crossref></idinfo>
	<dataqual>
		<attracc>
			<attraccr>All attributes were measured and recorded during the survey and validated by the data provider.</attraccr></attracc>
		<logic>Permissible values for date and time and coordinates were validated by the data provider and the OBIS-SEAMAP data manager. Species identification by the data provider was matched with Integrated Taxonomic Information System.</logic>
		<complete>All observation records are included.</complete><lineage><procstep><procdesc>Data were put through the OBIS-SEAMAP data registration steps.</procdesc><procdate>20170926</procdate></procstep></lineage></dataqual><spdoinfo><direct>Point</direct></spdoinfo><spref><horizsys><geograph>
				<latres>0.001</latres><longres>0.001</longres><geogunit>Decimal degrees</geogunit></geograph>
			<geodetic><horizdn>D_WGS_1984</horizdn><ellips>WGS_1984</ellips>
				<semiaxis>6378137.000000</semiaxis><denflat>298.257224</denflat></geodetic></horizsys></spref>

<eainfo><detailed><enttyp><enttypl>Biogeographic data</enttypl><enttypd>Biogeographic data</enttypd><enttypds>Not applicable</enttypds></enttyp><attr><attrlabl>project_id</attrlabl><attrdef>STAT Project ID</attrdef><attrdefs>Data provider</attrdefs><attrdomv><udom>STAT Project ID</udom></attrdomv></attr><attr><attrlabl>prognum</attrlabl><attrdef>Program number</attrdef><attrdefs>Data provider</attrdefs><attrdomv><udom>Program number</udom></attrdomv></attr><attr><attrlabl>tag_id</attrlabl><attrdef>PTT ID</attrdef><attrdefs>Data provider</attrdefs><attrdomv><udom>PTT ID</udom></attrdomv></attr><attr><attrlabl>datetime_utc</attrlabl><attrdef>Date and time in UTC</attrdef><attrdefs>Data provider</attrdefs><attrdomv><rdom><rdommin>2015-07-05 07:18:48</rdommin><rdommax>2016-11-19 21:19:13</rdommax></rdom></attrdomv></attr><attr><attrlabl>lc</attrlabl><attrdef>Location class</attrdef><attrdefs>Data provider</attrdefs><attrdomv><edom><edomv>0</edomv><edomvd>Location class 0</edomvd><edomvds>Data provider</edomvds></edom><edom><edomv>1</edomv><edomvd>Location class 1</edomvd><edomvds>Data provider</edomvds></edom><edom><edomv>2</edomv><edomvd>Location class 2</edomvd><edomvds>Data provider</edomvds></edom><edom><edomv>3</edomv><edomvd>Location class 3</edomvd><edomvds>Data provider</edomvds></edom><edom><edomv>A</edomv><edomvd>Location class A</edomvd><edomvds>Data provider</edomvds></edom><edom><edomv>B</edomv><edomvd>Location class B</edomvd><edomvds>Data provider</edomvds></edom></attrdomv></attr><attr><attrlabl>iq</attrlabl><attrdef>Quality indicator</attrdef><attrdefs>Data provider</attrdefs><attrdomv><udom>Quality indicator</udom></attrdomv></attr><attr><attrlabl>latitude</attrlabl><attrdef>Latitude 1</attrdef><attrdefs>Data provider</attrdefs><attrdomv><rdom><rdommin>-1.559000</rdommin><rdommax>14.739000</rdommax></rdom></attrdomv></attr><attr><attrlabl>longitude</attrlabl><attrdef>Longitude 1</attrdef><attrdefs>Data provider</attrdefs><attrdomv><rdom><rdommin>84.699000</rdommin><rdommax>154.955000</rdommax></rdom></attrdomv></attr><attr><attrlabl>dir1</attrlabl><attrdef>Dir 1</attrdef><attrdefs>Data provider</attrdefs><attrdomv><udom>Dir 1</udom></attrdomv></attr><attr><attrlabl>nb_mes</attrlabl><attrdef>Number of messages received</attrdef><attrdefs>Data provider</attrdefs><attrdomv><udom>Number of messages received</udom></attrdomv></attr><attr><attrlabl>big_nb_mes</attrlabl><attrdef>definition not provided</attrdef><attrdefs>Data provider</attrdefs><attrdomv><udom>definition not provided</udom></attrdomv></attr><attr><attrlabl>best_level</attrlabl><attrdef>Best signal strength in dB</attrdef><attrdefs>Data provider</attrdefs><attrdomv><udom>Best signal strength in dB</udom></attrdomv></attr><attr><attrlabl>pass_duration</attrlabl><attrdef>Pass duration in seconds</attrdef><attrdefs>Data provider</attrdefs><attrdomv><udom>Pass duration in seconds</udom></attrdomv></attr><attr><attrlabl>nopc</attrlabl><attrdef>Number Of Plausibility Checks successful (from 0-4)</attrdef><attrdefs>Data provider</attrdefs><attrdomv><udom>Number Of Plausibility Checks successful (from 0-4)</udom></attrdomv></attr><attr><attrlabl>calcul_freq</attrlabl><attrdef>Calculated frequency</attrdef><attrdefs>Data provider</attrdefs><attrdomv><udom>Calculated frequency</udom></attrdomv></attr><attr><attrlabl>altitude</attrlabl><attrdef>Altitude used for location calculation</attrdef><attrdefs>Data provider</attrdefs><attrdomv><udom>Altitude used for location calculation</udom></attrdomv></attr><attr><attrlabl>sensors</attrlabl><attrdef>Sensors</attrdef><attrdefs>Data provider</attrdefs><attrdomv><udom>Sensors</udom></attrdomv></attr><attr><attrlabl>species</attrlabl><attrdef>Species name</attrdef><attrdefs>Data provider</attrdefs><attrdomv><udom>Species name</udom></attrdomv></attr><attr><attrlabl>sp_tsn</attrlabl><attrdef>ITIS Taxonomic Serial Number</attrdef><attrdefs>Data provider</attrdefs><attrdomv><codesetd><codesetn>ITIS Taxonomic Serial Number</codesetn><codesets>Data provider</codesets></codesetd></attrdomv></attr><attr><attrlabl>lc_filter</attrlabl><attrdef>Parameters to location filtering</attrdef><attrdefs>Data provider</attrdefs><attrdomv><udom>Parameters to location filtering</udom></attrdomv></attr><attr><attrlabl>speed_filter</attrlabl><attrdef>Parameters to speed filtering</attrdef><attrdefs>Data provider</attrdefs><attrdomv><udom>Parameters to speed filtering</udom></attrdomv></attr><attr><attrlabl>distance_filter</attrlabl><attrdef>Parameters to distance filtering</attrdef><attrdefs>Data provider</attrdefs><attrdomv><udom>Parameters to distance filtering</udom></attrdomv></attr><attr><attrlabl>topo_filter</attrlabl><attrdef>Parameters to topo filtering</attrdef><attrdefs>Data provider</attrdefs><attrdomv><udom>Parameters to topo filtering</udom></attrdomv></attr><attr><attrlabl>time_filter</attrlabl><attrdef>Parameters to time filtering</attrdef><attrdefs>Data provider</attrdefs><attrdomv><udom>Parameters to time filtering</udom></attrdomv></attr><attr><attrlabl>angle_filter</attrlabl><attrdef>Parameters to angle filtering</attrdef><attrdefs>Data provider</attrdefs><attrdomv><udom>Parameters to angle filtering</udom></attrdomv></attr><attr><attrlabl>life_stage</attrlabl><attrdef>Life stage of the animal</attrdef><attrdefs>Data provider</attrdefs><attrdomv><edom><edomv>Adult</edomv><edomvd>Life stage of the animal Adult</edomvd><edomvds>Data provider</edomvds></edom></attrdomv></attr><attr><attrlabl>gender</attrlabl><attrdef>Gender of the animal</attrdef><attrdefs>Data provider</attrdefs><attrdomv><edom><edomv>Female</edomv><edomvd>Gender of the animal Female</edomvd><edomvds>Data provider</edomvds></edom><edom><edomv>Male</edomv><edomvd>Gender of the animal Male</edomvd><edomvds>Data provider</edomvds></edom></attrdomv></attr><attr><attrlabl>wetdry</attrlabl><attrdef>Wet or dry</attrdef><attrdefs>Data provider</attrdefs><attrdomv><udom>Wet or dry</udom></attrdomv></attr><attr><attrlabl>wetdry_filter</attrlabl><attrdef>Parameters to Wet or dry filterint</attrdef><attrdefs>Data provider</attrdefs><attrdomv><udom>Parameters to Wet or dry filterint</udom></attrdomv></attr><attr><attrlabl>obs_datetime</attrlabl><attrdef>Date and time (local time zone)</attrdef><attrdefs>Data provider</attrdefs><attrdomv><rdom><rdommin>2015-07-05 15:18:48</rdommin><rdommax>2016-11-20 05:19:13</rdommax></rdom></attrdomv></attr><attr><attrlabl>timezone_h</attrlabl><attrdef>Time difference from UTC</attrdef><attrdefs>Data provider</attrdefs><attrdomv><udom>Time difference from UTC</udom></attrdomv></attr><attr><attrlabl>obs_count</attrlabl><attrdef>Animal count (always 1)</attrdef><attrdefs>Data provider</attrdefs><attrdomv><rdom><rdommin>1</rdommin><rdommax>1</rdommax></rdom></attrdomv></attr></detailed><overview><eaover>This section explains attributes included in the original dataset.
OBIS-SEAMAP restricts the attributes available to the public to date/time, lat/lon and species names/counts only.
Should you need other attributes described here, you are encouraged to contact the data provider.</eaover><eadetcit>Marine Research Foundation - Marine Turtle Programme</eadetcit></overview>
	</eainfo><distinfo>
	<distrib>
		<cntinfo>
			<cntorgp>
				<cntorg>Nicholas School of Environment, Duke University</cntorg>
				<cntper>OBIS-SEAMAP</cntper>
			</cntorgp>
			<cntaddr>
				<addrtype>mailing and physical address</addrtype>
				<address>A328, LSRC</address><city>Durham</city><state>NC</state><postal>27708</postal><country>USA</country>
			</cntaddr>
			<cntvoice>919-613-8021</cntvoice>
			<cntemail>seamap-contact@duke.edu</cntemail>
		</cntinfo>
	</distrib><resdesc>OBIS-SEAMAP Dataset ID 1300</resdesc><distliab>Not to hold OBIS-SEAMAP liable for errors in the data. While we have made every effort to ensure the quality of the database, we cannot guarantee the accuracy of these datasets.
Also please refer to Use Constraints.
</distliab>
	<stdorder>
		<digform>
			<digtinfo>
				<formname>CSV and ESRI shapefile</formname></digtinfo>
			<digtopt>
				<onlinopt>
					<computer>
						<networka>
							<networkr>OBIS-SEAMAP</networkr>
						</networka>
					</computer>
				</onlinopt>
			</digtopt>
		</digform>
		<fees>Free</fees>
		<ordering>Go to the OBIS-SEAMAP web site.</ordering>
	</stdorder>
	

	
</distinfo><metainfo>
	<metd>20170926</metd><metrd>20170926</metrd><metc>
		<cntinfo><cntperp>
	<cntper>Ei Fujioka</cntper>
	<cntorg>Nicholas School, Duke University</cntorg></cntperp><cntaddr><addrtype>mailing and physical address</addrtype><address>A328, LSRC</address><city>Durham</city><state>NC</state><postal>27708</postal><country>USA</country></cntaddr>
			<cntvoice>919-613-8021</cntvoice>
			<cntemail>seamap-contact@duke.edu</cntemail>
			</cntinfo>
	</metc><metstdn>FGDC Content Standards for Digital Geospatial Metadata</metstdn><metstdv>FGDC-STD-001-1998</metstdv><mettc>local time</mettc>
	
	
	
	
	<metextns><onlink>http://www.nbii.gov/</onlink><metprof>Biological Data Profile</metprof></metextns>
	
	</metainfo>
	
</metadata>
