<?xml version="1.0" encoding="UTF-8"?>
<metadata xml:lang="en">
<Esri>
	<MetaID>{999A9551-D701-4CF5-9373-131D3DD8D969}</MetaID>
	<CreaDate>20050512</CreaDate>
	<CreaTime>19291400</CreaTime>
	<SyncOnce>FALSE</SyncOnce>
	<SyncDate>20060710</SyncDate>
	<SyncTime>17161900</SyncTime>
	<ModDate>20060815</ModDate>
	<ModTime>12091700</ModTime>
</Esri>
<idinfo>
	<keywords><theme><themekt>None</themekt><themekey>Marine Biology</themekey></theme></keywords>
	<native Sync="TRUE">Relational database</native>
	<descript>
	<langdata Sync="TRUE">en</langdata>
	<abstract>Pro Delphinus is a Peruvian NGO whose aim is to implement an integrated approach to marine fauna conservation.  Our projects focus heavily on applied research, environmental education, awareness raising and training among local communities.  By educating the local populous and relying heavily on the involvement of local researchers we hope to ensure the long term conservation of Peru’s marine species.&lt;br&gt;&lt;br&gt;Our satellite tracking project is the first telemetry study of loggerhead turtles in the southeastern Pacific Ocean.  The presence of loggerheads in this region was only recently verified.  “Cabezona” (big head) or “Amarilla” (yellow) are the local names for this species.  The goal of this study is to improve our understanding of loggerhead habitat use, migration and foraging patterns in the southeastern Pacific.  We began our telemetry study in 2003 and have released 15 loggerhead turtles with satellite transmitters.</abstract><supplinf>Visit STAT's project page for additional information at http://www.seaturtle.org/tracking/index.shtml?project_id=199</supplinf><purpose/></descript>
	<citation>
		<citeinfo><origin>Mangel J.</origin><pubdate>2016</pubdate><title>Peru Cabezonas</title><onlink>http://seamap.env.duke.edu/dataset/931</onlink><serinfo><sername>OBIS-SEAMAP</sername><issue>931</issue></serinfo><pubinfo><pubplace>http://seamap.env.duke.edu/dataset/931</pubplace><publish>OBIS-SEAMAP</publish></pubinfo><geoform>vector digital data</geoform><othercit>originated from Satellite Tracking and Analysis Tool (STAT; http://www.seaturtle.org/tracking/index.shtml?project_id=199)</othercit></citeinfo>
	</citation>
	<timeperd><current>ground condition</current><timeinfo><rngdates><begdate>20030413</begdate><enddate>20071011</enddate></rngdates></timeinfo></timeperd>
	<status><progress>Complete</progress><update>As needed</update></status>
	<spdom><bounding><westbc>-115.244</westbc><eastbc>-51.05</eastbc><northbc>-7.734</northbc><southbc>-24.825</southbc></bounding><lboundng><leftbc Sync="TRUE">-115.244</leftbc><rightbc Sync="TRUE">-51.05</rightbc><bottombc Sync="TRUE">-24.825</bottombc><topbc Sync="TRUE">-7.734</topbc></lboundng><descgeog>Ocean</descgeog></spdom>
	<accconst>The telemetry dataset is publicly visualized on the OBIS-SEAMAP web site. However, the data is not available for download without permission from the data provider.</accconst>
	<useconst>1. Not to use data obtained from OBIS-SEAMAP in any publication, product, or commercial application without proper attribution to the original data provider(s) and OBIS-SEAMAP unless the datasets are explicitly shown under the CC0 policy. Citations or credits are suggested as attribution. If the data you downloaded come from multiple datasets, a citation or credit to each of the datasets is required.

Suggested citation for this dataset:

Mangel J.. 2016. Peru Cabezonas. Data downloaded from OBIS-SEAMAP (http://seamap.env.duke.edu/dataset/931) on yyyy-mm-dd and originated from Satellite Tracking and Analysis Tool (STAT; http://www.seaturtle.org/tracking/index.shtml?project_id=199)

Suggested citation for STAT:

Coyne, M. S., and B. J. Godley. 2005. Satellite Tracking and Analysis Tool (STAT): an integrated system for archiving, analyzing and mapping animal tracking data. Marine Ecology Progress Series. Vol. 301: 1-7

Suggested citation for OBIS-SEAMAP:

Halpin, P.N., A.J. Read, E. Fujioka, B.D. Best, B. Donnelly, L.J. Hazen, C. Kot, K. Urian, E. LaBrecque, A. Dimatteo, J. Cleary, C. Good, L.B. Crowder, and K.D. Hyrenbach. 2009. OBIS-SEAMAP: The world data center for marine mammal, sea bird, and sea turtle distributions. Oceanography 22(2):104-115

2. To forward the citation of any publication / report that made use of the data / tools provided by OBIS-SEAMAP for inclusion in our list of references.

3. Not to hold OBIS-SEAMAP or the original data providers liable for errors in the data. While we have made every effort to ensure the quality of the database, we cannot guarantee the accuracy of these datasets. 

4. The burden for determining fitness for use of the downloaded data for any analyses lies entirely with the user. OBIS-SEAMAP or the original data providers do not support outcomes of your analyses that used the data you downloaded from OBIS-SEAMAP.

5. To consider inclusion of the accompanying transect (effort) dataset if available into the methodology of your analyses.

6. Not to redistribute the data you downloaded from OBIS-SEAMAP through any media without contect from OBIS-SEAMAP and the original data providers unless the datasets are explicitly shown under the CC0 policy.</useconst>
	<natvform Sync="TRUE">Shapefile</natvform>
	
	<ptcontac>
		<cntinfo>
			<cntperp><cntper>Jeffrey Mangel</cntper><cntorg>ProDelphinus</cntorg></cntperp>
			<cntaddr>
				<addrtype>mailing and physical address</addrtype>
			<address>Octavio Bernal 572-5</address><city>Lima</city><state/><postal/><country>Peru</country></cntaddr>
		<cntpos/><cntemail>jeffrey_mangel@yahoo.com</cntemail><cntvoice>+51-1-2413081</cntvoice><cntfax/></cntinfo>
	</ptcontac>
<ptcontac><cntinfo><cntperp><cntper>Jeffrey Mangel</cntper><cntorg>NOAA Southwest Fisheries Science Center</cntorg></cntperp><cntaddr><addrtype>mailing and physical address</addrtype></cntaddr><cntemail>jeffrey.seminoff@noaa.gov</cntemail></cntinfo></ptcontac><ptcontac><cntinfo><cntperp><cntper>Jeffrey Mangel</cntper><cntorg>NOAA Southwest Fisheries Science Center</cntorg></cntperp><cntaddr><addrtype>mailing and physical address</addrtype></cntaddr><cntemail>jeffrey.seminoff@noaa.gov</cntemail></cntinfo></ptcontac><ptcontac><cntinfo><cntperp><cntper>Jeffrey Mangel</cntper><cntorg>NOAA Southwest Fisheries Science Center</cntorg></cntperp><cntaddr><addrtype>mailing and physical address</addrtype></cntaddr><cntemail>jeffrey.seminoff@noaa.gov</cntemail></cntinfo></ptcontac><ptcontac><cntinfo><cntperp><cntper>Jeffrey Mangel</cntper><cntorg>NOAA Southwest Fisheries Science Center</cntorg></cntperp><cntaddr><addrtype>mailing and physical address</addrtype></cntaddr><cntemail>jeffrey.seminoff@noaa.gov</cntemail></cntinfo></ptcontac><datacred>Data provider: NOAA Southwest Fisheries Science Center; Originating data center: Satellite Tracking and Analysis Tool (STAT); Project sponsor or sponsor description: Funding for the Pro Delphinus satellite telemetry program comes from NOAA-Southwest Fisheries Science Center and the National Fish and Wildlife Foundation (NFWF).  Other funders for our sea turtle research and education initiatives include the British Petroleum Conservation Programme, Cleveland Metroparks Zoo, Columbus Zoo and Aquarium, and Idea Wild.</datacred><taxonomy><keywtax><taxonkt>Taxon covered</taxonkt><taxonkey>Sea turtles</taxonkey></keywtax><taxonsys><classsys><classcit><citeinfo><origin>Integrated Taxonomic Information System</origin><pubdate>Unknown</pubdate><title>Integrated Taxonomic Information System</title><geoform>Not applicable</geoform><othercit>Downloaded April, 2004</othercit><onlink>http://www.itis.usda.gov/</onlink></citeinfo></classcit></classsys><ider><cntinfo><cntperp><cntper>Refer to the contact information of the dataset</cntper><cntorg>Refer to the contact information of the dataset</cntorg></cntperp><cntaddr><addrtype>mailing and physical address</addrtype><address>Refer to the contact information of the dataset</address><city>Refer to the contact information of the dataset</city><state>Refer to the contact information of the dataset</state><postal>Refer to the contact information of the dataset</postal><country>Refer to the contact information of the dataset</country></cntaddr><cntvoice>Not provided</cntvoice></cntinfo></ider><taxonpro>Identified by observers or researchers conducting the survey</taxonpro></taxonsys><taxoncl><taxonrn>Kingdom</taxonrn><taxonrv>Animalia</taxonrv><taxoncl><taxonrn>Phylum</taxonrn><taxonrv>Chordata</taxonrv><taxoncl><taxonrn>Subphylum</taxonrn><taxonrv>Vertebrata</taxonrv><taxoncl><taxonrn>Class</taxonrn><taxonrv>Reptilia</taxonrv><taxoncl><taxonrn>Order</taxonrn><taxonrv>Testudines</taxonrv><taxoncl><taxonrn>Suborder</taxonrn><taxonrv>Cryptodira</taxonrv><taxoncl><taxonrn>Superfamily</taxonrn><taxonrv>Chelonioidea</taxonrv><taxoncl><taxonrn>Family</taxonrn><taxonrv>Cheloniidae</taxonrv><taxoncl><taxonrn>Subfamily</taxonrn><taxonrv>Carettinae</taxonrv><taxoncl><taxonrn>Genus</taxonrn><taxonrv>Caretta</taxonrv><taxoncl><taxonrn>Species</taxonrn><taxonrv>Caretta caretta</taxonrv></taxoncl></taxoncl></taxoncl></taxoncl></taxoncl></taxoncl></taxoncl></taxoncl></taxoncl></taxoncl></taxoncl></taxonomy><crossref><citeinfo><origin>Coyne, M. S., and B. J. Godley</origin><pubdate>2005</pubdate><title>OBIS-SEAMAP: The world data center for marine mammal, sea bird, and sea turtle distributions</title><geoform>vector digital data</geoform><serinfo><sername>Marine Ecology Progress Series</sername><issue>Vol. 301: 1-7</issue></serinfo><onlink>http://www.int-res.com/abstracts/meps/v301/feature/</onlink></citeinfo></crossref></idinfo>

<metainfo>
	<langmeta Sync="TRUE">en</langmeta>
	<metstdn Sync="TRUE">FGDC Content Standards for Digital Geospatial Metadata</metstdn>
	<metstdv Sync="TRUE">FGDC-STD-001-1998</metstdv>
	<mettc Sync="TRUE">local time</mettc>
	<metc>
		<cntinfo>
			<cntorgp>
			<cntper>Ei Fujioka</cntper>
			<cntorg>Nicholas School of Environment, Duke University</cntorg>
			</cntorgp>
			<cntaddr><addrtype>mailing and physical address</addrtype><city>Durham</city><state>NC</state><postal>27708</postal><address>A328, LSRC</address><country>USA</country></cntaddr>
			<cntvoice>919-613-8021</cntvoice>
			<cntemail>seamap-contact@duke.edu</cntemail>
		<cntperp><cntper>Michael Coyne</cntper><cntorg>seaturtle.org</cntorg></cntperp><cntpos/></cntinfo>
	</metc>
	<metextns><onlink>http://www.nbii.gov/</onlink><metprof>Biological Data Profile</metprof></metextns><metextns><onlink Sync="TRUE">http://www.esri.com/metadata/esriprof80.html</onlink><metprof Sync="TRUE">ESRI Metadata Profile</metprof></metextns>
	<metd>20161215</metd>
<metrd>20161215</metrd></metainfo>

<mdLang><languageCode Sync="TRUE" value="en"/></mdLang>
<mdStanName Sync="TRUE">ISO 19115 Geographic Information - Metadata</mdStanName><mdStanVer Sync="TRUE">DIS_ESRI1.0</mdStanVer><mdChar><CharSetCd Sync="TRUE" value="004"/></mdChar><mdHrLv><ScopeCd Sync="TRUE" value="005"/></mdHrLv><mdHrLvName Sync="TRUE">dataset</mdHrLvName>

<distinfo>
	<resdesc Sync="TRUE">OBIS-SEAMAP Dataset ID 931</resdesc>
	<stdorder>
		<digform>
			<digtinfo>
				<transize Sync="TRUE">0.021</transize>
				<dssize Sync="TRUE">0.021</dssize>
			</digtinfo>
			<digtopt>
				<onlinopt>
					<computer>
						<networka>
							<networkr>OBIS-SEAMAP</networkr>
						</networka>
					</computer>
				</onlinopt>
			</digtopt>
		</digform>
		<fees>Free</fees>
		<ordering>Go to the OBIS-SEAMAP web site and click on [Datasets] tab appearing on upper left.</ordering>
	</stdorder>
	<distrib>
		<cntinfo>
			<cntorgp>
				<cntorg>Nicholas School of Environment, Duke Univ.</cntorg>
				<cntper>OBIS-SEAMAP</cntper>
			</cntorgp>
			<cntaddr>
				<addrtype>mailing and physical address</addrtype>
				<city>Durham</city><state>NC</state><country>USA</country><address>A328, LSRC</address><postal>27708</postal>
			</cntaddr>
			<cntvoice>919-613-8021</cntvoice>
			<cntemail>seamap-contact@duke.edu</cntemail>
		<cntpos/><cntefax/></cntinfo>
	<resdesc>OBIS-SEAMAP Dataset ID 931</resdesc></distrib>

	<distliab>Not to hold OBIS-SEAMAP liable for errors in the data. While we have made every effort to ensure the quality of the database, we cannot guarantee the accuracy of these datasets.&#13;
Also please refer to Use Constraints.&#13;
</distliab>
</distinfo>

	<distInfo>
		<distributor><distorTran>
				<onLineSrc><orDesc Sync="TRUE">002</orDesc>
					<protocol Sync="TRUE">Local Area Network</protocol>
				</onLineSrc>
				<transSize Sync="TRUE">0.021</transSize></distorTran>
			<distorFormat><formatName Sync="TRUE">Shapefile</formatName></distorFormat>
		</distributor></distInfo>
	<spdoinfo><direct Sync="TRUE">Vector</direct><ptvctinf>
		</ptvctinf></spdoinfo>
	<spref><horizsys><cordsysn><geogcsn>GCS_WGS_1984</geogcsn></cordsysn><geograph><geogunit>Decimal degrees</geogunit><latres>0.001</latres><longres>0.001</longres></geograph><geodetic><horizdn>D_WGS_1984</horizdn><ellips>WGS_1984</ellips><semiaxis>6378137.000000</semiaxis><denflat>298.257224</denflat></geodetic></horizsys></spref><refSysInfo><RefSystem><refSysID><identCode Sync="TRUE">GCS_WGS_1984</identCode></refSysID></RefSystem></refSysInfo><spatRepInfo><VectSpatRep><topLvl><TopoLevCd Sync="TRUE" value="001"/></topLvl>
		</VectSpatRep>
	</spatRepInfo><eainfo><overview><eaover>This section explains attributes included in the original dataset.&#13;
OBIS-SEAMAP restricts the attributes available to the public to date/time, lat/lon and species names/counts only.&#13;
Should you need other attributes described here, you are encouraged to contact the data provider.</eaover><eadetcit>NOAA Southwest Fisheries Science Center</eadetcit></overview><detailed><enttyp><enttypl>Biogeographic data</enttypl><enttypd>Biogeographic data</enttypd><enttypds>Not applicable</enttypds></enttyp><attr><attrlabl>project_id</attrlabl><attrdef>STAT Project ID</attrdef><attrdefs>Data provider</attrdefs><attrdomv><udom>STAT Project ID</udom></attrdomv></attr><attr><attrlabl>prognum</attrlabl><attrdef>Program number</attrdef><attrdefs>Data provider</attrdefs><attrdomv><udom>Program number</udom></attrdomv></attr><attr><attrlabl>tag_id</attrlabl><attrdef>PTT ID</attrdef><attrdefs>Data provider</attrdefs><attrdomv><udom>PTT ID</udom></attrdomv></attr><attr><attrlabl>datetime_utc</attrlabl><attrdef>Date and time in UTC</attrdef><attrdefs>Data provider</attrdefs><attrdomv><rdom><rdommin>2003-04-14 02:43:21</rdommin><rdommax>2007-10-11 19:43:58</rdommax></rdom></attrdomv></attr><attr><attrlabl>lc</attrlabl><attrdef>Location class</attrdef><attrdefs>Data provider</attrdefs><attrdomv><edom><edomv>0</edomv><edomvd>Location class 0</edomvd><edomvds>Data provider</edomvds></edom><edom><edomv>1</edomv><edomvd>Location class 1</edomvd><edomvds>Data provider</edomvds></edom><edom><edomv>2</edomv><edomvd>Location class 2</edomvd><edomvds>Data provider</edomvds></edom><edom><edomv>3</edomv><edomvd>Location class 3</edomvd><edomvds>Data provider</edomvds></edom><edom><edomv>A</edomv><edomvd>Location class A</edomvd><edomvds>Data provider</edomvds></edom></attrdomv></attr><attr><attrlabl>iq</attrlabl><attrdef>Quality indicator</attrdef><attrdefs>Data provider</attrdefs><attrdomv><udom>Quality indicator</udom></attrdomv></attr><attr><attrlabl>latitude</attrlabl><attrdef>Latitude 1</attrdef><attrdefs>Data provider</attrdefs><attrdomv><rdom><rdommin>-24.825000</rdommin><rdommax>-7.734000</rdommax></rdom></attrdomv></attr><attr><attrlabl>longitude</attrlabl><attrdef>Longitude 1</attrdef><attrdefs>Data provider</attrdefs><attrdomv><rdom><rdommin>-115.244000</rdommin><rdommax>-51.050000</rdommax></rdom></attrdomv></attr><attr><attrlabl>dir1</attrlabl><attrdef>Dir 1</attrdef><attrdefs>Data provider</attrdefs><attrdomv><udom>Dir 1</udom></attrdomv></attr><attr><attrlabl>nb_mes</attrlabl><attrdef>Number of messages received</attrdef><attrdefs>Data provider</attrdefs><attrdomv><udom>Number of messages received</udom></attrdomv></attr><attr><attrlabl>big_nb_mes</attrlabl><attrdef>definition not provided</attrdef><attrdefs>Data provider</attrdefs><attrdomv><udom>definition not provided</udom></attrdomv></attr><attr><attrlabl>best_level</attrlabl><attrdef>Best signal strength in dB</attrdef><attrdefs>Data provider</attrdefs><attrdomv><udom>Best signal strength in dB</udom></attrdomv></attr><attr><attrlabl>pass_duration</attrlabl><attrdef>Pass duration in seconds</attrdef><attrdefs>Data provider</attrdefs><attrdomv><udom>Pass duration in seconds</udom></attrdomv></attr><attr><attrlabl>nopc</attrlabl><attrdef>Number Of Plausibility Checks successful (from 0-4)</attrdef><attrdefs>Data provider</attrdefs><attrdomv><udom>Number Of Plausibility Checks successful (from 0-4)</udom></attrdomv></attr><attr><attrlabl>calcul_freq</attrlabl><attrdef>Calculated frequency</attrdef><attrdefs>Data provider</attrdefs><attrdomv><udom>Calculated frequency</udom></attrdomv></attr><attr><attrlabl>altitude</attrlabl><attrdef>Altitude used for location calculation</attrdef><attrdefs>Data provider</attrdefs><attrdomv><udom>Altitude used for location calculation</udom></attrdomv></attr><attr><attrlabl>sensors</attrlabl><attrdef>Sensors</attrdef><attrdefs>Data provider</attrdefs><attrdomv><udom>Sensors</udom></attrdomv></attr><attr><attrlabl>species</attrlabl><attrdef>Species name</attrdef><attrdefs>Data provider</attrdefs><attrdomv><udom>Species name</udom></attrdomv></attr><attr><attrlabl>sp_tsn</attrlabl><attrdef>ITIS Taxonomic Serial Number</attrdef><attrdefs>Data provider</attrdefs><attrdomv><codesetd><codesetn>ITIS Taxonomic Serial Number</codesetn><codesets>Data provider</codesets></codesetd></attrdomv></attr><attr><attrlabl>lc_filter</attrlabl><attrdef>Parameters to location filtering</attrdef><attrdefs>Data provider</attrdefs><attrdomv><udom>Parameters to location filtering</udom></attrdomv></attr><attr><attrlabl>speed_filter</attrlabl><attrdef>Parameters to speed filtering</attrdef><attrdefs>Data provider</attrdefs><attrdomv><udom>Parameters to speed filtering</udom></attrdomv></attr><attr><attrlabl>distance_filter</attrlabl><attrdef>Parameters to distance filtering</attrdef><attrdefs>Data provider</attrdefs><attrdomv><udom>Parameters to distance filtering</udom></attrdomv></attr><attr><attrlabl>topo_filter</attrlabl><attrdef>Parameters to topo filtering</attrdef><attrdefs>Data provider</attrdefs><attrdomv><udom>Parameters to topo filtering</udom></attrdomv></attr><attr><attrlabl>time_filter</attrlabl><attrdef>Parameters to time filtering</attrdef><attrdefs>Data provider</attrdefs><attrdomv><udom>Parameters to time filtering</udom></attrdomv></attr><attr><attrlabl>angle_filter</attrlabl><attrdef>Parameters to angle filtering</attrdef><attrdefs>Data provider</attrdefs><attrdomv><udom>Parameters to angle filtering</udom></attrdomv></attr><attr><attrlabl>life_stage</attrlabl><attrdef>Life stage of the animal</attrdef><attrdefs>Data provider</attrdefs><attrdomv><edom><edomv>Sub-Adult</edomv><edomvd>Life stage of the animal Sub-Adult</edomvd><edomvds>Data provider</edomvds></edom></attrdomv></attr><attr><attrlabl>gender</attrlabl><attrdef>Gender of the animal</attrdef><attrdefs>Data provider</attrdefs><attrdomv><edom><edomv>Unknown</edomv><edomvd>Gender of the animal Unknown</edomvd><edomvds>Data provider</edomvds></edom></attrdomv></attr><attr><attrlabl>wetdry</attrlabl><attrdef>Wet or dry</attrdef><attrdefs>Data provider</attrdefs><attrdomv><udom>Wet or dry</udom></attrdomv></attr><attr><attrlabl>wetdry_filter</attrlabl><attrdef>Parameters to Wet or dry filterint</attrdef><attrdefs>Data provider</attrdefs><attrdomv><udom>Parameters to Wet or dry filterint</udom></attrdomv></attr><attr><attrlabl>obs_datetime</attrlabl><attrdef>Date and time (local time zone)</attrdef><attrdefs>Data provider</attrdefs><attrdomv><rdom><rdommin>2003-04-13 21:43:21</rdommin><rdommax>2007-10-11 13:43:58</rdommax></rdom></attrdomv></attr><attr><attrlabl>timezone_h</attrlabl><attrdef>Time difference from UTC</attrdef><attrdefs>Data provider</attrdefs><attrdomv><udom>Time difference from UTC</udom></attrdomv></attr><attr><attrlabl>obs_count</attrlabl><attrdef>Animal count (always 1)</attrdef><attrdefs>Data provider</attrdefs><attrdomv><rdom><rdommin>1</rdommin><rdommax>1</rdommax></rdom></attrdomv></attr></detailed></eainfo><mdDateSt Sync="TRUE">20060815</mdDateSt>
	<dataqual><posacc><horizpa><horizpar/></horizpa><vertacc><vertaccr/></vertacc></posacc><attracc><attraccr/></attracc><complete>No report provided</complete><logic>not applicable</logic><lineage><procstep><procdesc>Data were put through the OBIS-SEAMAP data registration steps.</procdesc><procdate>20161123</procdate></procstep></lineage></dataqual>
</metadata>
