<?xml version="1.0" encoding="UTF-8"?>
<metadata xml:lang="en">
<idinfo>
	<citation>
		<citeinfo><origin>Halpin, P.N., A.J. Read, E. Fujioka, B.D. Best, B. Donnelly, L.J. Hazen, C. Kot, K. Urian, E. LaBrecque, A. Dimatteo, J. Cleary, C. Good, L.B. Crowder, and K.D. Hyrenbach</origin><pubdate>2009</pubdate><title>OBIS-SEAMAP: The world data center for marine mammal, sea bird, and sea turtle distributions</title><serinfo><sername>Oceanography</sername><issue>22(2):104-115</issue></serinfo><onlink>http://www.tos.org/oceanography/article/obis-seamap-the-world-data-center-for-marine-mammal-sea-bird-and-sea-turtle</onlink></citeinfo>
	</citation><descript>
	<abstract>During the 2010 and 2011 nesting seasons in Rethymno, Crete, Greece, 21 satellite tags were deployed on post-reproductive loggerhead turtles, 20 females and 1 male. One tag failed, while the remaining 20 transmitted data during the migration period, with most tags continuing to transmit after the individual had reached a site of residency. The female turtles exhibited three distinct strategies, either migrating north into the Aegean Sea, southwest towards the Libyan or Tunisian coasts or remaining resident within the waters of Crete. Females migrated after completing nesting for the season starting in early July. The male turtle exhibited a different behavior migrating away from the nesting beach in mid-June and traveling into the Western Mediterranean basin.</abstract><purpose>The purpose of this study was to understand the at-sea behavior of loggerhead turtles in the Mediterranean Sea through the use of satellite telemetry.</purpose></descript><timeperd><timeinfo><rngdates><begdate>20100809</begdate><enddate>20120331</enddate></rngdates></timeinfo><current>ground condition</current></timeperd><status><progress>Complete</progress><update>None planned</update></status><spdom><descgeog>Ocean</descgeog><bounding><westbc>1.3990001</westbc><eastbc>34.5660019</eastbc><northbc>38.9109993</northbc><southbc>31.3139992</southbc></bounding>
	</spdom><keywords><theme><themekt>None</themekt><themekey>Marine Animal Survey</themekey><themekey>Marine Biology</themekey><themekey>Sea turtles</themekey><themekey>Animal tagging</themekey><themekey>Satellite transmitters</themekey><themekey>Loggerhead</themekey></theme></keywords><taxonomy><keywtax><taxonkt>Taxon covered</taxonkt><taxonkey>Sea turtles</taxonkey></keywtax><taxonsys><classsys><classcit><citeinfo><origin>Integrated Taxonomic Information System</origin><pubdate>Unknown</pubdate><title>Integrated Taxonomic Information System</title><geoform>Not applicable</geoform><othercit>Downloaded April, 2004</othercit><onlink>http://www.itis.usda.gov/</onlink></citeinfo></classcit></classsys><ider><cntinfo><cntperp><cntper>Refer to the contact information of the dataset</cntper><cntorg>Refer to the contact information of the dataset</cntorg></cntperp><cntaddr><addrtype>mailing and physical address</addrtype><address>Refer to the contact information of the dataset</address><city>Refer to the contact information of the dataset</city><state>Refer to the contact information of the dataset</state><postal>Refer to the contact information of the dataset</postal><country>Refer to the contact information of the dataset</country></cntaddr><cntvoice>Not provided</cntvoice></cntinfo></ider><taxonpro>Identified by observers or researchers conducting the survey</taxonpro></taxonsys><taxoncl><taxonrn>Kingdom</taxonrn><taxonrv>Animalia</taxonrv><taxoncl><taxonrn>Phylum</taxonrn><taxonrv>Chordata</taxonrv><taxoncl><taxonrn>Subphylum</taxonrn><taxonrv>Vertebrata</taxonrv><taxoncl><taxonrn>Class</taxonrn><taxonrv>Reptilia</taxonrv><taxoncl><taxonrn>Order</taxonrn><taxonrv>Testudines</taxonrv><taxoncl><taxonrn>Suborder</taxonrn><taxonrv>Cryptodira</taxonrv><taxoncl><taxonrn>Superfamily</taxonrn><taxonrv>Chelonioidea</taxonrv><taxoncl><taxonrn>Family</taxonrn><taxonrv>Cheloniidae</taxonrv><taxoncl><taxonrn>Subfamily</taxonrn><taxonrv>Carettinae</taxonrv><taxoncl><taxonrn>Genus</taxonrn><taxonrv>Caretta</taxonrv><taxoncl><taxonrn>Species</taxonrn><taxonrv>Caretta caretta</taxonrv></taxoncl></taxoncl></taxoncl></taxoncl></taxoncl></taxoncl></taxoncl></taxoncl></taxoncl></taxoncl></taxoncl></taxonomy>
	<accconst>Open public unless otherwise noted. See Use Constraints for details.</accconst>
	<useconst>1. Not to use data obtained from OBIS-SEAMAP in any publication, product, or commercial application without proper attribution to the original data provider(s) and OBIS-SEAMAP unless the datasets are explicitly shown under the CC0 policy. Citations or credits are suggested as attribution. If the data you downloaded come from multiple datasets, a citation or credit to each of the datasets is required.&#13;
&#13;
Suggested citation for this dataset:&#13;
&#13;
&#13;
&#13;
Suggested citation for OBIS-SEAMAP:&#13;
&#13;
Halpin, P.N., A.J. Read, E. Fujioka, B.D. Best, B. Donnelly, L.J. Hazen, C. Kot, K. Urian, E. LaBrecque, A. Dimatteo, J. Cleary, C. Good, L.B. Crowder, and K.D. Hyrenbach. 2009. OBIS-SEAMAP: The world data center for marine mammal, sea bird, and sea turtle distributions. Oceanography 22(2):104-115&#13;
&#13;
2. To forward the citation of any publication / report that made use of the data / tools provided by OBIS-SEAMAP for inclusion in our list of references.&#13;
&#13;
3. Not to hold OBIS-SEAMAP or the original data providers liable for errors in the data. While we have made every effort to ensure the quality of the database, we cannot guarantee the accuracy of these datasets. &#13;
&#13;
4. The burden for determining fitness for use of the downloaded data for any analyses lies entirely with the user. OBIS-SEAMAP or the original data providers do not support outcomes of your analyses that used the data you downloaded from OBIS-SEAMAP.&#13;
&#13;
5. To consider inclusion of the accompanying transect (effort) dataset if available into the methodology of your analyses.&#13;
&#13;
6. Not to redistribute the data you downloaded from OBIS-SEAMAP through any media without contect from OBIS-SEAMAP and the original data providers unless the datasets are explicitly shown under the CC0 policy.</useconst>
	<ptcontac>
		<cntinfo>
			<cntperp><cntper>Samir Patel</cntper><cntorg>Coonamessett Farm Foundation, Inc.</cntorg></cntperp>
			<cntaddr>
				<addrtype>mailing and physical address</addrtype>
			<address>277 Hatchville Road</address><city>East Falmouth</city><state>MA</state><postal>02536</postal></cntaddr>
		<cntvoice>unknown</cntvoice><cntemail>spatel@cfarm.org</cntemail></cntinfo>
	</ptcontac><datacred>Samir Patel, Drexel University and Coonamessett Farm Foundation</datacred>
	<native>Relational database</native>
	<crossref><citeinfo><origin>Samir H Patel, Stephen J Morreale, Aliki Panagopoulou, Helen Bailey, Nathan J Robinson, Frank V Paladino, Dimitris Margaritoulis, James R Spotila</origin><pubdate>2015</pubdate><title>Changepoint analysis: a new approach for revealing animal movements and behaviors from satellite telemetry data</title><geoform>vector digital data</geoform><serinfo><sername>Ecosphere</sername><issue>12:1-13</issue></serinfo><onlink>https://doi.org/10.1890/ES15-00358.1</onlink></citeinfo></crossref><crossref><citeinfo><origin>Samir H Patel, Aliki Panagopoulou, Stephen J Morreale, Susan S Kilham, Ioannis Karakassis, Thomas Riggall, Dimitris Margaritoulis, James R Spotila</origin><pubdate>2015</pubdate><title>Differences in size and reproductive output of loggerhead turtles Caretta caretta nesting in the eastern Mediterranean Sea are linked to foraging site</title><geoform>vector digital data</geoform><serinfo><sername>Marine Ecology Progress Series</sername><issue>535:231-241</issue></serinfo><onlink>https://doi.org/10.3354/meps11433</onlink></citeinfo></crossref><crossref><citeinfo><origin>Halpin, P.N., A.J. Read, E. Fujioka, B.D. Best, B. Donnelly, L.J. Hazen, C. Kot, K. Urian, E. LaBrecque, A. Dimatteo, J. Cleary, C. Good, L.B. Crowder, and K.D. Hyrenbach</origin><pubdate>2009</pubdate><title>OBIS-SEAMAP: The world data center for marine mammal, sea bird, and sea turtle distributions</title><geoform>vector digital data</geoform><serinfo><sername>Oceanography</sername><issue>22(2):104-115</issue></serinfo><onlink>http://www.tos.org/oceanography/article/obis-seamap-the-world-data-center-for-marine-mammal-sea-bird-and-sea-turtle</onlink></citeinfo></crossref></idinfo>
	<dataqual>
		<attracc>
			<attraccr>All attributes were measured and recorded during the survey and validated by the data provider.</attraccr></attracc>
		<logic>Permissible values for date and time and coordinates were validated by the data provider and the OBIS-SEAMAP data manager. Species identification by the data provider was matched with Integrated Taxonomic Information System.</logic>
		<complete>All observation records are included.</complete><lineage><procstep><procdesc>Data were put through the OBIS-SEAMAP data registration steps.</procdesc><procdate>20180827</procdate></procstep></lineage></dataqual><spdoinfo><direct>Point</direct></spdoinfo><spref><horizsys><geograph>
				<latres>1e-06</latres><longres>1e-06</longres><geogunit>Decimal degrees</geogunit></geograph>
			<geodetic><horizdn>D_WGS_1984</horizdn><ellips>WGS_1984</ellips>
				<semiaxis>6378137.000000</semiaxis><denflat>298.257224</denflat></geodetic></horizsys></spref>

<eainfo><detailed><enttyp><enttypl>Biogeographic data</enttypl><enttypd>Biogeographic data</enttypd><enttypds>Not applicable</enttypds></enttyp><attr><attrlabl>oid</attrlabl><attrdef>unique ID</attrdef><attrdefs>Data provider</attrdefs><attrdomv><udom>unique ID</udom></attrdomv></attr><attr><attrlabl>fid</attrlabl><attrdef>feature ID</attrdef><attrdefs>Data provider</attrdefs><attrdomv><rdom><rdommin>0</rdommin><rdommax>3484</rdommax></rdom></attrdomv></attr><attr><attrlabl>series</attrlabl><attrdef>turtle ID</attrdef><attrdefs>Data provider</attrdefs><attrdomv><udom>turtle ID</udom></attrdomv></attr><attr><attrlabl>obs_time</attrlabl><attrdef>Time of location</attrdef><attrdefs>Data provider</attrdefs><attrdomv><rdom><rdommin>00:00:08</rdommin><rdommax>23:59:55</rdommax></rdom></attrdomv></attr><attr><attrlabl>obs_date</attrlabl><attrdef>Date of location</attrdef><attrdefs>Data provider</attrdefs><attrdomv><rdom><rdommin>2010-08-09</rdommin><rdommax>2012-03-31</rdommax></rdom></attrdomv></attr><attr><attrlabl>lq</attrlabl><attrdef>Location quality</attrdef><attrdefs>Data provider</attrdefs><attrdomv><udom>Location quality</udom></attrdomv></attr><attr><attrlabl>latitude</attrlabl><attrdef>Latitude of location</attrdef><attrdefs>Data provider</attrdefs><attrdomv><rdom><rdommin>31.313999180</rdommin><rdommax>38.910999300</rdommax></rdom></attrdomv></attr><attr><attrlabl>longitude</attrlabl><attrdef>Longitude of location</attrdef><attrdefs>Data provider</attrdefs><attrdomv><rdom><rdommin>1.399000050</rdommin><rdommax>34.566001890</rdommax></rdom></attrdomv></attr><attr><attrlabl>source_nam</attrlabl><attrdef>Original file source name</attrdef><attrdefs>Data provider</attrdefs><attrdomv><udom>Original file source name</udom></attrdomv></attr><attr><attrlabl>error_radi</attrlabl><attrdef>Estimated error radius</attrdef><attrdefs>Data provider</attrdefs><attrdomv><udom>Estimated error radius</udom></attrdomv></attr><attr><attrlabl>sp_tsn</attrlabl><attrdef>species ITIS TSN code</attrdef><attrdefs>Data provider</attrdefs><attrdomv><rdom><rdommin>173830</rdommin><rdommax>173830</rdommax></rdom></attrdomv></attr><attr><attrlabl>obs_count</attrlabl><attrdef>Number of animals at location</attrdef><attrdefs>Data provider</attrdefs><attrdomv><rdom><rdommin>1</rdommin><rdommax>1</rdommax></rdom></attrdomv></attr><attr><attrlabl>sp_obs</attrlabl><attrdef>Species tagged</attrdef><attrdefs>Data provider</attrdefs><attrdomv><udom>Species tagged</udom></attrdomv></attr><attr><attrlabl>geom</attrlabl><attrdef>geometry information (generated by OBIS-SEAMAP)</attrdef><attrdefs>Data provider</attrdefs><attrdomv><udom>geometry information (generated by OBIS-SEAMAP)</udom></attrdomv></attr></detailed><overview><eaover>This section explains attributes included in the original dataset.&#13;
OBIS-SEAMAP restricts the attributes available to the public to date/time, lat/lon and species names/counts only.&#13;
Should you need other attributes described here, you are encouraged to contact the data provider.</eaover><eadetcit>Samir Patel, Drexel University and Coonamessett Farm Foundation</eadetcit></overview>
	</eainfo><distinfo>
	<distrib>
		<cntinfo>
			<cntorgp>
				<cntorg>Nicholas School of Environment, Duke Univ.</cntorg>
				<cntper>OBIS-SEAMAP</cntper>
			</cntorgp>
			<cntaddr>
				<addrtype>mailing and physical address</addrtype>
				<address>A328, LSRC</address><city>Durham</city><state>NC</state><postal>27708</postal><country>USA</country>
			</cntaddr>
			<cntvoice>919-613-8021</cntvoice>
			<cntemail>seamap-contact@duke.edu</cntemail>
		</cntinfo>
	</distrib><resdesc>OBIS-SEAMAP Dataset ID 1816</resdesc><distliab>Not to hold OBIS-SEAMAP liable for errors in the data. While we have made every effort to ensure the quality of the database, we cannot guarantee the accuracy of these datasets.&#13;
Also please refer to Use Constraints.</distliab>
	<stdorder>
		<digform>
			<digtinfo>
				<formname>CSV and ESRI shapefile</formname></digtinfo>
			<digtopt>
				<onlinopt>
					<computer>
						<networka>
							<networkr>OBIS-SEAMAP</networkr>
						</networka>
					</computer>
				</onlinopt>
			</digtopt>
		</digform>
		<fees>Free</fees>
		<ordering>Go to the OBIS-SEAMAP web site.</ordering>
	</stdorder>
	

	
</distinfo><metainfo>
	<metd>20180828</metd><metrd>20180828</metrd><metc>
		<cntinfo><cntperp>
	<cntper>Ei Fujioka</cntper>
	<cntorg>Nicholas School, Duke University</cntorg></cntperp><cntaddr><addrtype>mailing and physical address</addrtype><address>A328, LSRC</address><city>Durham</city><state>NC</state><postal>27708</postal><country>USA</country></cntaddr>
			<cntvoice>919-613-8021</cntvoice>
			<cntemail>seamap-contact@duke.edu</cntemail>
			</cntinfo>
	</metc><metstdn>FGDC Content Standards for Digital Geospatial Metadata</metstdn><metstdv>FGDC-STD-001-1998</metstdv><mettc>local time</mettc>
	
	
	
	
	<metextns><onlink>http://www.nbii.gov/</onlink><metprof>Biological Data Profile</metprof></metextns>
	
	</metainfo>
	
</metadata>
