<?xml version="1.0" encoding="UTF-8"?>
<metadata xml:lang="en">
<Esri>
	<MetaID>{999A9551-D701-4CF5-9373-131D3DD8D969}</MetaID>
	<CreaDate>20050512</CreaDate>
	<CreaTime>19291400</CreaTime>
	<SyncOnce>FALSE</SyncOnce>
	<SyncDate>20060710</SyncDate>
	<SyncTime>17161900</SyncTime>
	<ModDate>20060815</ModDate>
	<ModTime>12091700</ModTime>
</Esri>
<idinfo>
	<keywords><theme><themekt>Platform</themekt><themekey>Radio transmitters</themekey><themekey>Animal movements</themekey></theme></keywords>
	<native Sync="TRUE">Microsoft Windows 2000 Version 5.0 (Build 2195) Service Pack 4; ESRI ArcCatalog 9.1.0.722</native>
	<descript>
	<langdata Sync="TRUE">en</langdata>
	<abstract>Sea turtles are cultural ambassadors, connecting people and nations of the Pacific. This collaborative satellite tagging project has not only increased our understanding of CNMI sea turtle biology and migration and engaged local communities and conservation partners, but has also stretched across ocean basins connecting the Pacific Islands with the IOSEA.</abstract><purpose>During the summer of 2011, three satellite tags were deployed on post-nesting green turtles in Saipan. Goals of this effort were to integrate sea turtles in educational activities, acquire greater understanding of their biology and ecology, and promote greater community awareness of conservation needs and migrations. These are CNMI's first post-nesting satellite tagged turtles, resulting from a collaborative project of CNMI Department of Lands and Natural Resources (DLNR) -- Division of Fish and Wildlife (DFW), the National Marine Fisheries Service (NMFS) -- Pacific Islands Regional Office (PIRO) and Pacific Islands Fisheries Science Center (PIFSC), and local community volunteer organizations.</purpose><supplinf/></descript>
	<citation>
		<citeinfo>
			<geoform Sync="TRUE">vector digital data</geoform>
			<pubinfo>
				<pubplace>http://seamap.env.duke.edu/dataset/974</pubplace>
				<publish>OBIS-SEAMAP</publish>
			</pubinfo>
		<origin>Tammy Summers, CNMI Sea Turtle Program</origin><pubdate>2013-07-25 15:33:19</pubdate><title>CNMI Sea Turtle Program satellite tracked green turtles 2011</title><ftname>seamap974</ftname><onlink>http://www.ihaggan.com</onlink><edition/><serinfo><sername>OBIS-SEAMAP</sername></serinfo></citeinfo>
	</citation>
	<timeperd><current>ground condition</current><timeinfo><rngdates><begdate>2011-05-24</begdate><enddate>2011-08-21</enddate></rngdates></timeinfo></timeperd>
	<status><progress>Complete</progress><update>None planned</update></status>
	<spdom><bounding><westbc>123.735</westbc><eastbc>145.82</eastbc><northbc>25.367</northbc><southbc>13.938</southbc></bounding><lboundng><leftbc Sync="TRUE">123.735</leftbc><rightbc Sync="TRUE">145.82</rightbc><bottombc Sync="TRUE">13.938</bottombc><topbc Sync="TRUE">25.367</topbc></lboundng></spdom>
	<accconst>Open public unless otherwise noted.</accconst>
	<useconst>1. Not to use data contained in OBIS-SEAMAP in any publication, product, or commercial application without prior written consent of the original data provider.&#13;
	&#13;
	2. To cite both the data provider and OBIS-SEAMAP appropriately after approval of use is obtained.&#13;
	&#13;
	3. Not to hold OBIS-SEAMAP liable for errors in the data. While we have made every effort to ensure the quality of the database, we cannot guarantee the accuracy of these datasets.&#13;
	</useconst>
	<natvform Sync="TRUE">Shapefile</natvform>
	
	<ptcontac>
		<cntinfo>
			<cntperp><cntper>Tammy Summers</cntper><cntorg/></cntperp>
			<cntaddr>
				<addrtype>mailing and physical address</addrtype>
			<address/><city/><state/><postal/><country/></cntaddr>
		<cntpos/><cntvoice/><cntemail>tammymaesummers@yahoo.com</cntemail><cntfax/></cntinfo>
	</ptcontac>
<datacred>Commonwealth of the Northern Mariana Islands Sea Turtle Program</datacred><crossref><citeinfo><origin>Summers, T.M.</origin><pubdate>2011</pubdate><title>Saipan sea turtles: An internationally-shared resource</title><onlink>http://www.ioseaturtles.org/pom_detail.php?id=114</onlink><serinfo><sername>Indian Ocean South-East Asia (IOSEA) Marine Turtle MoU website profile of the month</sername><issue/></serinfo></citeinfo></crossref><taxonomy><taxonsys><classsys><classcit><citeinfo><origin>Integrated Taxonomic Information System</origin><title>Integrated Taxonomic Information System</title><onlink>http://www.itis.usda.gov/</onlink><othercit>Downloaded April, 2004</othercit></citeinfo></classcit></classsys><ider><cntinfo><cntorgp><cntorg>Refer to the contact information of the dataset</cntorg></cntorgp></cntinfo></ider></taxonsys></taxonomy></idinfo>

<metainfo>
	<langmeta Sync="TRUE">en</langmeta>
	<metstdn Sync="TRUE">FGDC Content Standards for Digital Geospatial Metadata</metstdn>
	<metstdv Sync="TRUE">FGDC-STD-001-1998</metstdv>
	<mettc Sync="TRUE">local time</mettc>
	<metc>
		<cntinfo>
			<cntorgp>
			<cntper>Ei Fujioka</cntper>
			<cntorg>Nicholas School of Environment, Duke University</cntorg>
			</cntorgp>
			<cntaddr><addrtype>mailing and physical address</addrtype><city>Durham</city><state>NC</state><postal>27708</postal><address>A328, LSRC</address><country>USA</country></cntaddr>
			<cntvoice>919-613-8021</cntvoice>
			<cntemail>seamap-contact@duke.edu</cntemail>
		<cntperp><cntper>Connie Kot</cntper><cntorg>Duke University</cntorg></cntperp><cntpos/></cntinfo>
	</metc>
	<metextns><onlink>http://www.nbii.gov/</onlink><metprof>Biological Data Profile</metprof></metextns><metextns><onlink Sync="TRUE">http://www.esri.com/metadata/esriprof80.html</onlink><metprof Sync="TRUE">ESRI Metadata Profile</metprof></metextns>
	<metd>2013-07-25</metd>
</metainfo>

<mdLang><languageCode Sync="TRUE" value="en"/></mdLang>
<mdStanName Sync="TRUE">ISO 19115 Geographic Information - Metadata</mdStanName><mdStanVer Sync="TRUE">DIS_ESRI1.0</mdStanVer><mdChar><CharSetCd Sync="TRUE" value="004"/></mdChar><mdHrLv><ScopeCd Sync="TRUE" value="005"/></mdHrLv><mdHrLvName Sync="TRUE">dataset</mdHrLvName>

<distinfo>
	<resdesc Sync="TRUE">Downloadable Data</resdesc>
	<stdorder>
		<digform>
			<digtinfo>
				<transize Sync="TRUE">0.021</transize>
				<dssize Sync="TRUE">0.021</dssize>
			</digtinfo>
			<digtopt>
				<onlinopt>
					<computer>
						<networka>
							<networkr>OBIS-SEAMAP</networkr>
						</networka>
					</computer>
				</onlinopt>
			</digtopt>
		</digform>
		<fees>Free</fees>
		<ordering>Go to the OBIS-SEAMAP web site and click on [Datasets] tab appearing on upper left.</ordering>
	</stdorder>
	<distrib>
		<cntinfo>
			<cntorgp>
				<cntorg>Nicholas School of Environment, Duke Univ.</cntorg>
				<cntper>OBIS-SEAMAP</cntper>
			</cntorgp>
			<cntaddr>
				<addrtype>mailing and physical address</addrtype>
				<city>Durham</city><state>NC</state><country>USA</country><address>A328, LSRC</address><postal>27708</postal>
			</cntaddr>
			<cntvoice>919-613-8021</cntvoice>
			<cntemail>seamap-contact@duke.edu</cntemail>
		<cntpos/><cntefax/></cntinfo>
	</distrib>

	<distliab>Not to hold OBIS-SEAMAP liable for errors in the data. While we have made every effort to ensure the quality of the database, we cannot guarantee the accuracy of these datasets.&#13;
Also please refer to Use Constraints.&#13;
</distliab>
</distinfo>

	<distInfo>
		<distributor><distorTran>
				<onLineSrc><orDesc Sync="TRUE">002</orDesc>
					<protocol Sync="TRUE">Local Area Network</protocol>
				</onLineSrc>
				<transSize Sync="TRUE">0.021</transSize></distorTran>
			<distorFormat><formatName Sync="TRUE">Shapefile</formatName></distorFormat>
		</distributor></distInfo>
	<spdoinfo><direct Sync="TRUE">Vector</direct><ptvctinf>
		</ptvctinf></spdoinfo>
	<spref><horizsys><cordsysn><geogcsn>GCS_WGS_1984</geogcsn></cordsysn><geograph><geogunit>Decimal degrees</geogunit><latres>0.000167</latres><longres>0.000167</longres></geograph><geodetic><horizdn>D_WGS_1984</horizdn><ellips>WGS_1984</ellips><semiaxis>6378137.000000</semiaxis><denflat>298.257224</denflat></geodetic></horizsys></spref><refSysInfo><RefSystem><refSysID><identCode Sync="TRUE">GCS_WGS_1984</identCode></refSysID></RefSystem></refSysInfo><spatRepInfo><VectSpatRep><topLvl><TopoLevCd Sync="TRUE" value="001"/></topLvl>
		</VectSpatRep>
	</spatRepInfo><eainfo><overview><eaover>This section explains attributes included in the original dataset.&#13;
OBIS-SEAMAP restricts the attributes available to the public to date/time, lat/lon and species names/counts only.&#13;
Should you need other attributes described here, you are encouraged to contact the data provider.</eaover><eadetcit>Tammy Summers, CNMI Sea Turtle Program</eadetcit></overview><detailed><attr><attrlabl>oid</attrlabl><attrdef>Unique ID (created by OBIS-SEAMAP)</attrdef></attr><attr><attrlabl>tag_id</attrlabl><attrdef>Tag ID</attrdef></attr><attr><attrlabl>datetime</attrlabl><attrdef>Original date and time of location</attrdef></attr><attr><attrlabl>obs_date</attrlabl><attrdef>Date of observation</attrdef></attr><attr><attrlabl>obs_time</attrlabl><attrdef>Time of observation</attrdef></attr><attr><attrlabl>obs_count</attrlabl><attrdef>Number of animals</attrdef></attr><attr><attrlabl>sp_tsn</attrlabl><attrdef>Species ITIS TSN</attrdef></attr><attr><attrlabl>sp_obs</attrlabl><attrdef>Species observed</attrdef></attr><attr><attrlabl>latitude</attrlabl><attrdef>Latitude of observation</attrdef></attr><attr><attrlabl>longitude</attrlabl><attrdef>Longitude of observation</attrdef></attr><attr><attrlabl>lc</attrlabl><attrdef>Location class</attrdef></attr><attr><attrlabl>sex</attrlabl><attrdef>Sex of animal</attrdef></attr><attr><attrlabl>age_class</attrlabl><attrdef>Age class of animal (adult or juvenile)</attrdef></attr><attr><attrlabl>body_size</attrlabl><attrdef>Straight carapace length (cm)</attrdef></attr><attr><attrlabl>country</attrlabl><attrdef>Country where sea turtle was tagged</attrdef></attr><attr><attrlabl>beach</attrlabl><attrdef>Nesting beach where sea turtle was tagged</attrdef></attr><attr><attrlabl>notes</attrlabl><attrdef>Notes</attrdef></attr><attr><attrlabl>cite1</attrlabl><attrdef>Citation</attrdef></attr></detailed></eainfo><mdDateSt Sync="TRUE">20060815</mdDateSt>
	<dataqual><posacc><horizpa><horizpar/></horizpa><vertacc><vertaccr/></vertacc></posacc><attracc><attraccr/></attracc><complete/></dataqual>
</metadata>
