<?xml version="1.0" encoding="UTF-8"?>
<metadata xml:lang="en">
<idinfo>
	<citation>
		<citeinfo><origin>Aubrey Strydom</origin><pubdate>2017</pubdate><title>Queensland:  K'gari (Fraser Island) courting turtle tracking 2014-17</title><onlink>http://seamap.env.duke.edu/dataset/1346</onlink><serinfo><sername>OBIS-SEAMAP</sername><issue>1346</issue></serinfo><pubinfo><pubplace>http://seamap.env.duke.edu/dataset/1346</pubplace><publish>OBIS-SEAMAP</publish></pubinfo><geoform>vector digital data</geoform><othercit>originated from Satellite Tracking and Analysis Tool (STAT; http://www.seaturtle.org/tracking/index.shtml?project_id=1151)</othercit></citeinfo>
	</citation><descript>
	<abstract>Visit the nesting females at project id 1297&lt;br&gt;http://www.seaturtle.org/tracking/?project_id=1297&lt;br&gt;&lt;br&gt;The traditional owners of K'gari (Fraser Island), the Butchulla people, gained Native Title over much of K'gari in 2014, and we acknowledge their long heritage on and nurturing of this beautiful land, and wish them well with their new opportunities.&lt;br&gt;The idea of monitoring nesting turtles in the Sandy Cape rookery on K'gari-Fraser Island was initiated in the 1992-3 season by Rowan Foley, a Butchulla, who was then employed as a Ranger by Queensland (National) Parks and Wildlife Service, (QNPWS, now QPWS) and as a result some nest and track-count monitoring was  undertaken by long-time annual campers Karl &amp; Sue Klein, and the Lighthouse Keepers, Dudley &amp; Sue Fulton, &amp; Aubrey Strydom &amp; Lainie Rowe. &lt;br&gt;&lt;br&gt;In the 1993-4 season Steve Price - QNPWS 2IC Ranger at Waddy Point, with the support of his RIC Bart Klekar, came to the top end of K'gari-Fraser Island with the two Michaels - volunteers from the Mon Repos Turtle Rookery.&lt;br&gt;A number of Park Rangers and the Lighthouse Keepers were inducted into turtle I.D., tagging, and data sheet entry and so began an 18 year monitoring program, with a 17 night mid-season nesting census and flipper tagging of all turtles coming ashore during the census across the 44km of beach from Rooney Point to Ngkala Rocks.&lt;br&gt;  &lt;br&gt;In that first season the first nest relocation to near the Lighthouse gate by vehicle was trialed, using three doomed clutches laid below the king tide level.&lt;br&gt;&lt;br&gt;This was successful and since then 5 nest relocation cages with a total capacity of 120 clutches have been developed at strategic locations along the rookery, and recently also at Orchid Beach, to enable protection of doomed loggerhead and green clutches, and to provide protection for a percentage of loggerhead clutches from vehicle and camping impacts, and dingo and goanna (monitor lizard) depredation.&lt;br&gt;&lt;br&gt;In the first few years in the 1990's between 50 to 100 greens, but only 5 to 7 loggerheads were nesting annually, and drowned adult loggerhead turtles were being found washed up on the beach. &lt;br&gt;&lt;br&gt;Nesting numbers increased to twelve to fifteen loggerheads a year from 1997 when a seasonal 3 to 5 km wide trawl exclusion zone was established along the NW beach between Rooney Point and Sandy Cape, and then climbed to near 50 nesting each year after the introduction of TEDs, (Turtle Exclusion Devices) in the Queensland trawl fishery nets in 2001.&lt;br&gt;Currently annually about 40 to 50 loggerheads nest along the 44 kilometers of the Rooney Point to Sandy Cape to Ngkala Rocks rookery, and between 50 and 100 loggerhead nests are protected by relocation each season, by the Sandy Cape Lighthouse Volunteer Caretakers, in a program supported by QPWS.&lt;br&gt;&lt;br&gt;Green nests are not generally relocated as the Southern Barrier Reef green turtle population is still slowly increasing since turtle protection in Queensland began in the early 1950s.&lt;br&gt;&lt;br&gt;While most commonly between 50 and 100 green turtles come in to nest each year, a factor that provides some protection to the greens is their pattern of sometimes alternatively flooding the predators one season with a mass nesting and starving them the next.  The largest cyclic influx of nesting green turtles saw them varying from over 600 nesting in the Sandy Cape rookery one season, to three nesting the nest season.&lt;br&gt;&lt;br&gt;A study of dingo impacts on the nests saw nest depredation vary between 15% in a season when there was a mass nesting of over 250 greens and 85% when there were only about 30 greens nesting. &lt;br&gt;&lt;br&gt;A potential new threat to the rookery is the advance of feral foxes up K'gari-Fraser Island.  They are in large numbers on the adjacent mainland and are good swimmers.&lt;br&gt;Recently foxes have been sighted at Awinya Creek, only 30 to 40 kilometers from either end of the Sandy Cape rookery, and monitoring of nests for any fox impacts will guide management plans to provide further protection.&lt;br&gt;&lt;br&gt;Over the years since 1993 over 500 male green turtles were tagged courting in the shallows or basking on the beach, and a correlation between their numbers and the size of the concurrent green nesting season was observed.  Some were found to be carrying flipper tags from the Shoalwater Bay turtle rodeo program, and K'gari-Fraser Island tagged males were being found at Shoalwater Bay, and in the Whitsundays. &lt;br&gt;&lt;br&gt;It was found that female green turtles tagged on the Island in the September/October courting season were being seen that season nesting further north at other rookeries in the Southern Great Barrier Reef, and at the Wreck Rock mainland rookery. &lt;br&gt;&lt;br&gt;In 2014 two males were tagged while courting at Sandy Cape and one returned home to Shoalwater Bay and one to the outer Barrier Reef near Olympic Reef.&lt;br&gt;&lt;br&gt;The green female April O'Moreton, who had been tagged as a juvenile in 1992 in Moreton Bay was found courting at Sandy Cape in 2015 and given a satellite tracker, and she moved on to nest at North West Island in the Capricorn Bunker group. &lt;br&gt;&lt;br&gt;In the 2015-16 season the project also tracked 5 green males and in 2016-17 a further 6 green males, to expand the knowledge of where they come from to court at Fraser Island, what connectivity they have to other known &lt;br&gt;courting areas, and to examine the areas in the Great Sandy Marine Park they use during their courting sojourn.&lt;br&gt;&lt;br&gt;Three females were tracked in the 2016-17 season - one with a history of nesting at K'gari-Fraser Island, one known to forage in the Whitsundays, and one known to nest at Wreck Island in 1998 in the Capricorn Bunker group.&lt;br&gt;&lt;br&gt;In November 2017, 3 nesting loggerhead females and 8 nesting green females were given trackers, to enable comparison of the female's inter-nesting habitat use with that of the males courting habitat, and help inform an assessment of the adequacy of the seasonal go-slow and no-trawl zones in the Great Sandy Marine Park.   &lt;br&gt;</abstract><supplinf>Visit STAT's project page for additional information at http://www.seaturtle.org/tracking/index.shtml?project_id=1151</supplinf></descript><timeperd><timeinfo><rngdates><begdate>20151010</begdate><enddate>20171217</enddate></rngdates></timeinfo><current>ground condition</current></timeperd><status><progress>Complete</progress><update>As needed</update></status><spdom><descgeog>Ocean</descgeog><bounding><westbc>148.594</westbc><eastbc>160.083</eastbc><northbc>-20.234</northbc><southbc>-28.506</southbc></bounding>
	</spdom><keywords><theme><themekt>None</themekt><themekey>Marine Biology</themekey></theme></keywords><taxonomy><keywtax><taxonkt>Taxon covered</taxonkt><taxonkey>Sea turtles</taxonkey></keywtax><taxonsys><classsys><classcit><citeinfo><origin>Integrated Taxonomic Information System</origin><pubdate>Unknown</pubdate><title>Integrated Taxonomic Information System</title><geoform>Not applicable</geoform><othercit>Downloaded April, 2004</othercit><onlink>http://www.itis.usda.gov/</onlink></citeinfo></classcit></classsys><ider><cntinfo><cntperp><cntper>Refer to the contact information of the dataset</cntper><cntorg>Refer to the contact information of the dataset</cntorg></cntperp><cntaddr><addrtype>mailing and physical address</addrtype><address>Refer to the contact information of the dataset</address><city>Refer to the contact information of the dataset</city><state>Refer to the contact information of the dataset</state><postal>Refer to the contact information of the dataset</postal><country>Refer to the contact information of the dataset</country></cntaddr><cntvoice>Not provided</cntvoice></cntinfo></ider><taxonpro>Identified by observers or researchers conducting the survey</taxonpro></taxonsys><taxoncl><taxonrn>Kingdom</taxonrn><taxonrv>Animalia</taxonrv><taxoncl><taxonrn>Phylum</taxonrn><taxonrv>Chordata</taxonrv><taxoncl><taxonrn>Subphylum</taxonrn><taxonrv>Vertebrata</taxonrv><taxoncl><taxonrn>Class</taxonrn><taxonrv>Reptilia</taxonrv><taxoncl><taxonrn>Order</taxonrn><taxonrv>Testudines</taxonrv><taxoncl><taxonrn>Suborder</taxonrn><taxonrv>Cryptodira</taxonrv><taxoncl><taxonrn>Superfamily</taxonrn><taxonrv>Chelonioidea</taxonrv><taxoncl><taxonrn>Family</taxonrn><taxonrv>Cheloniidae</taxonrv><taxoncl><taxonrn>Subfamily</taxonrn><taxonrv>Cheloniinae</taxonrv><taxoncl><taxonrn>Genus</taxonrn><taxonrv>Chelonia</taxonrv><taxoncl><taxonrn>Species</taxonrn><taxonrv>Chelonia mydas</taxonrv></taxoncl></taxoncl></taxoncl></taxoncl></taxoncl></taxoncl></taxoncl></taxoncl></taxoncl></taxoncl></taxoncl></taxonomy>
	<accconst>The telemetry dataset is publicly visualized on the OBIS-SEAMAP web site. However, the data is not available for download without permission from the data provider.</accconst><useconst>1. Not to use data obtained from OBIS-SEAMAP in any publication, product, or commercial application without proper attribution to the original data provider(s) and OBIS-SEAMAP unless the datasets are explicitly shown under the CC0 policy. Citations or credits are suggested as attribution. If the data you downloaded come from multiple datasets, a citation or credit to each of the datasets is required.

Suggested citation for this dataset:

Aubrey Strydom . 2017. Queensland:  K'gari (Fraser Island) courting turtle tracking 2014-17. Data downloaded from OBIS-SEAMAP (http://seamap.env.duke.edu/dataset/1346) on yyyy-mm-dd and originated from Satellite Tracking and Analysis Tool (STAT; http://www.seaturtle.org/tracking/index.shtml?project_id=1151)

Suggested citation for STAT:

Coyne, M. S., and B. J. Godley. 2005. Satellite Tracking and Analysis Tool (STAT): an integrated system for archiving, analyzing and mapping animal tracking data. Marine Ecology Progress Series. Vol. 301: 1-7

Suggested citation for OBIS-SEAMAP:

Halpin, P.N., A.J. Read, E. Fujioka, B.D. Best, B. Donnelly, L.J. Hazen, C. Kot, K. Urian, E. LaBrecque, A. Dimatteo, J. Cleary, C. Good, L.B. Crowder, and K.D. Hyrenbach. 2009. OBIS-SEAMAP: The world data center for marine mammal, sea bird, and sea turtle distributions. Oceanography 22(2):104-115

2. To forward the citation of any publication / report that made use of the data / tools provided by OBIS-SEAMAP for inclusion in our list of references.

3. Not to hold OBIS-SEAMAP or the original data providers liable for errors in the data. While we have made every effort to ensure the quality of the database, we cannot guarantee the accuracy of these datasets. 

4. The burden for determining fitness for use of the downloaded data for any analyses lies entirely with the user. OBIS-SEAMAP or the original data providers do not support outcomes of your analyses that used the data you downloaded from OBIS-SEAMAP.

5. To consider inclusion of the accompanying transect (effort) dataset if available into the methodology of your analyses.

6. Not to redistribute the data you downloaded from OBIS-SEAMAP through any media without contect from OBIS-SEAMAP and the original data providers unless the datasets are explicitly shown under the CC0 policy.</useconst><ptcontac>
		<cntinfo>
			<cntperp><cntper>Aubrey Strydom</cntper><cntorg>Aubrey Strydom</cntorg></cntperp>
			<cntaddr>
				<addrtype>mailing and physical address</addrtype>
			</cntaddr>
		<cntvoice>unknown</cntvoice><cntemail>astrydom@westnet.com.au</cntemail></cntinfo>
	</ptcontac><datacred>Data provider: Aubrey Strydom; Originating data center: Satellite Tracking and Analysis Tool (STAT); Project sponsor or sponsor description: Queensland Turtle Conservation Project - Col Limpus &amp; Aubrey Strydom</datacred>
	<native>Relational database</native>
	
	
	
	
	
	
	
	
	
	
	<crossref><citeinfo><origin>Coyne, M. S., and B. J. Godley</origin><pubdate>2005</pubdate><title>OBIS-SEAMAP: The world data center for marine mammal, sea bird, and sea turtle distributions</title><geoform>vector digital data</geoform><serinfo><sername>Marine Ecology Progress Series</sername><issue>Vol. 301: 1-7</issue></serinfo><onlink>http://www.int-res.com/abstracts/meps/v301/feature/</onlink></citeinfo></crossref></idinfo>
	<dataqual>
		<attracc>
			<attraccr>All attributes were measured and recorded during the survey and validated by the data provider.</attraccr></attracc>
		<logic>Permissible values for date and time and coordinates were validated by the data provider and the OBIS-SEAMAP data manager. Species identification by the data provider was matched with Integrated Taxonomic Information System.</logic>
		<complete>All observation records are included.</complete><lineage><procstep><procdesc>Data were put through the OBIS-SEAMAP data registration steps.</procdesc><procdate>20171226</procdate></procstep></lineage></dataqual><spdoinfo><direct>Point</direct></spdoinfo><spref><horizsys><geograph>
				<latres>0.001</latres><longres>0.001</longres><geogunit>Decimal degrees</geogunit></geograph>
			<geodetic><horizdn>D_WGS_1984</horizdn><ellips>WGS_1984</ellips>
				<semiaxis>6378137.000000</semiaxis><denflat>298.257224</denflat></geodetic></horizsys></spref>

<eainfo><detailed><enttyp><enttypl>Biogeographic data</enttypl><enttypd>Biogeographic data</enttypd><enttypds>Not applicable</enttypds></enttyp><attr><attrlabl>project_id</attrlabl><attrdef>STAT Project ID</attrdef><attrdefs>Data provider</attrdefs><attrdomv><udom>STAT Project ID</udom></attrdomv></attr><attr><attrlabl>prognum</attrlabl><attrdef>Program number</attrdef><attrdefs>Data provider</attrdefs><attrdomv><udom>Program number</udom></attrdomv></attr><attr><attrlabl>tag_id</attrlabl><attrdef>PTT ID</attrdef><attrdefs>Data provider</attrdefs><attrdomv><udom>PTT ID</udom></attrdomv></attr><attr><attrlabl>datetime_utc</attrlabl><attrdef>Date and time in UTC</attrdef><attrdefs>Data provider</attrdefs><attrdomv><rdom><rdommin>2015-10-09 19:05:38</rdommin><rdommax>2017-04-19 05:51:50</rdommax></rdom></attrdomv></attr><attr><attrlabl>lc</attrlabl><attrdef>Location class</attrdef><attrdefs>Data provider</attrdefs><attrdomv><edom><edomv>0</edomv><edomvd>Location class 0</edomvd><edomvds>Data provider</edomvds></edom><edom><edomv>1</edomv><edomvd>Location class 1</edomvd><edomvds>Data provider</edomvds></edom><edom><edomv>2</edomv><edomvd>Location class 2</edomvd><edomvds>Data provider</edomvds></edom><edom><edomv>3</edomv><edomvd>Location class 3</edomvd><edomvds>Data provider</edomvds></edom><edom><edomv>A</edomv><edomvd>Location class A</edomvd><edomvds>Data provider</edomvds></edom><edom><edomv>B</edomv><edomvd>Location class B</edomvd><edomvds>Data provider</edomvds></edom></attrdomv></attr><attr><attrlabl>iq</attrlabl><attrdef>Quality indicator</attrdef><attrdefs>Data provider</attrdefs><attrdomv><udom>Quality indicator</udom></attrdomv></attr><attr><attrlabl>latitude</attrlabl><attrdef>Latitude 1</attrdef><attrdefs>Data provider</attrdefs><attrdomv><rdom><rdommin>-28.506000</rdommin><rdommax>-20.234000</rdommax></rdom></attrdomv></attr><attr><attrlabl>longitude</attrlabl><attrdef>Longitude 1</attrdef><attrdefs>Data provider</attrdefs><attrdomv><rdom><rdommin>148.594000</rdommin><rdommax>160.083000</rdommax></rdom></attrdomv></attr><attr><attrlabl>dir1</attrlabl><attrdef>Dir 1</attrdef><attrdefs>Data provider</attrdefs><attrdomv><udom>Dir 1</udom></attrdomv></attr><attr><attrlabl>nb_mes</attrlabl><attrdef>Number of messages received</attrdef><attrdefs>Data provider</attrdefs><attrdomv><udom>Number of messages received</udom></attrdomv></attr><attr><attrlabl>big_nb_mes</attrlabl><attrdef>definition not provided</attrdef><attrdefs>Data provider</attrdefs><attrdomv><udom>definition not provided</udom></attrdomv></attr><attr><attrlabl>best_level</attrlabl><attrdef>Best signal strength in dB</attrdef><attrdefs>Data provider</attrdefs><attrdomv><udom>Best signal strength in dB</udom></attrdomv></attr><attr><attrlabl>pass_duration</attrlabl><attrdef>Pass duration in seconds</attrdef><attrdefs>Data provider</attrdefs><attrdomv><udom>Pass duration in seconds</udom></attrdomv></attr><attr><attrlabl>nopc</attrlabl><attrdef>Number Of Plausibility Checks successful (from 0-4)</attrdef><attrdefs>Data provider</attrdefs><attrdomv><udom>Number Of Plausibility Checks successful (from 0-4)</udom></attrdomv></attr><attr><attrlabl>calcul_freq</attrlabl><attrdef>Calculated frequency</attrdef><attrdefs>Data provider</attrdefs><attrdomv><udom>Calculated frequency</udom></attrdomv></attr><attr><attrlabl>altitude</attrlabl><attrdef>Altitude used for location calculation</attrdef><attrdefs>Data provider</attrdefs><attrdomv><udom>Altitude used for location calculation</udom></attrdomv></attr><attr><attrlabl>sensors</attrlabl><attrdef>Sensors</attrdef><attrdefs>Data provider</attrdefs><attrdomv><udom>Sensors</udom></attrdomv></attr><attr><attrlabl>species</attrlabl><attrdef>Species name</attrdef><attrdefs>Data provider</attrdefs><attrdomv><udom>Species name</udom></attrdomv></attr><attr><attrlabl>sp_tsn</attrlabl><attrdef>ITIS Taxonomic Serial Number</attrdef><attrdefs>Data provider</attrdefs><attrdomv><codesetd><codesetn>ITIS Taxonomic Serial Number</codesetn><codesets>Data provider</codesets></codesetd></attrdomv></attr><attr><attrlabl>lc_filter</attrlabl><attrdef>Parameters to location filtering</attrdef><attrdefs>Data provider</attrdefs><attrdomv><udom>Parameters to location filtering</udom></attrdomv></attr><attr><attrlabl>speed_filter</attrlabl><attrdef>Parameters to speed filtering</attrdef><attrdefs>Data provider</attrdefs><attrdomv><udom>Parameters to speed filtering</udom></attrdomv></attr><attr><attrlabl>distance_filter</attrlabl><attrdef>Parameters to distance filtering</attrdef><attrdefs>Data provider</attrdefs><attrdomv><udom>Parameters to distance filtering</udom></attrdomv></attr><attr><attrlabl>topo_filter</attrlabl><attrdef>Parameters to topo filtering</attrdef><attrdefs>Data provider</attrdefs><attrdomv><udom>Parameters to topo filtering</udom></attrdomv></attr><attr><attrlabl>time_filter</attrlabl><attrdef>Parameters to time filtering</attrdef><attrdefs>Data provider</attrdefs><attrdomv><udom>Parameters to time filtering</udom></attrdomv></attr><attr><attrlabl>angle_filter</attrlabl><attrdef>Parameters to angle filtering</attrdef><attrdefs>Data provider</attrdefs><attrdomv><udom>Parameters to angle filtering</udom></attrdomv></attr><attr><attrlabl>life_stage</attrlabl><attrdef>Life stage of the animal</attrdef><attrdefs>Data provider</attrdefs><attrdomv><edom><edomv>Adult</edomv><edomvd>Life stage of the animal Adult</edomvd><edomvds>Data provider</edomvds></edom><edom><edomv>Adult Female</edomv><edomvd>Life stage of the animal Adult Female</edomvd><edomvds>Data provider</edomvds></edom><edom><edomv>Breeding Female</edomv><edomvd>Life stage of the animal Breeding Female</edomvd><edomvds>Data provider</edomvds></edom></attrdomv></attr><attr><attrlabl>gender</attrlabl><attrdef>Gender of the animal</attrdef><attrdefs>Data provider</attrdefs><attrdomv><edom><edomv>Female</edomv><edomvd>Gender of the animal Female</edomvd><edomvds>Data provider</edomvds></edom><edom><edomv>Male</edomv><edomvd>Gender of the animal Male</edomvd><edomvds>Data provider</edomvds></edom></attrdomv></attr><attr><attrlabl>wetdry</attrlabl><attrdef>Wet or dry</attrdef><attrdefs>Data provider</attrdefs><attrdomv><udom>Wet or dry</udom></attrdomv></attr><attr><attrlabl>wetdry_filter</attrlabl><attrdef>Parameters to Wet or dry filterint</attrdef><attrdefs>Data provider</attrdefs><attrdomv><udom>Parameters to Wet or dry filterint</udom></attrdomv></attr><attr><attrlabl>obs_datetime</attrlabl><attrdef>Date and time (local time zone)</attrdef><attrdefs>Data provider</attrdefs><attrdomv><rdom><rdommin>2015-10-10 05:05:38</rdommin><rdommax>2017-04-19 15:51:50</rdommax></rdom></attrdomv></attr><attr><attrlabl>timezone_h</attrlabl><attrdef>Time difference from UTC</attrdef><attrdefs>Data provider</attrdefs><attrdomv><udom>Time difference from UTC</udom></attrdomv></attr><attr><attrlabl>obs_count</attrlabl><attrdef>Animal count (always 1)</attrdef><attrdefs>Data provider</attrdefs><attrdomv><rdom><rdommin>1</rdommin><rdommax>1</rdommax></rdom></attrdomv></attr></detailed><overview><eaover>This section explains attributes included in the original dataset.
OBIS-SEAMAP restricts the attributes available to the public to date/time, lat/lon and species names/counts only.
Should you need other attributes described here, you are encouraged to contact the data provider.</eaover><eadetcit>Aubrey Strydom</eadetcit></overview>
	</eainfo><distinfo>
	<distrib>
		<cntinfo>
			<cntorgp>
				<cntorg>Nicholas School of Environment, Duke University</cntorg>
				<cntper>OBIS-SEAMAP</cntper>
			</cntorgp>
			<cntaddr>
				<addrtype>mailing and physical address</addrtype>
				<address>A328, LSRC</address><city>Durham</city><state>NC</state><postal>27708</postal><country>USA</country>
			</cntaddr>
			<cntvoice>919-613-8021</cntvoice>
			<cntemail>seamap-contact@duke.edu</cntemail>
		</cntinfo>
	</distrib><resdesc>OBIS-SEAMAP Dataset ID 1346</resdesc><distliab>Not to hold OBIS-SEAMAP liable for errors in the data. While we have made every effort to ensure the quality of the database, we cannot guarantee the accuracy of these datasets.
Also please refer to Use Constraints.
</distliab>
	<stdorder>
		<digform>
			<digtinfo>
				<formname>CSV and ESRI shapefile</formname></digtinfo>
			<digtopt>
				<onlinopt>
					<computer>
						<networka>
							<networkr>OBIS-SEAMAP</networkr>
						</networka>
					</computer>
				</onlinopt>
			</digtopt>
		</digform>
		<fees>Free</fees>
		<ordering>Go to the OBIS-SEAMAP web site.</ordering>
	</stdorder>
	

	
</distinfo><metainfo>
	<metd>20171226</metd><metrd>20171226</metrd><metc>
		<cntinfo><cntperp>
	<cntper>Ei Fujioka</cntper>
	<cntorg>Nicholas School, Duke University</cntorg></cntperp><cntaddr><addrtype>mailing and physical address</addrtype><address>A328, LSRC</address><city>Durham</city><state>NC</state><postal>27708</postal><country>USA</country></cntaddr>
			<cntvoice>919-613-8021</cntvoice>
			<cntemail>seamap-contact@duke.edu</cntemail>
			</cntinfo>
	</metc><metstdn>FGDC Content Standards for Digital Geospatial Metadata</metstdn><metstdv>FGDC-STD-001-1998</metstdv><mettc>local time</mettc>
	
	
	
	
	<metextns><onlink>http://www.nbii.gov/</onlink><metprof>Biological Data Profile</metprof></metextns>
	
	</metainfo>
	
</metadata>
